card_name,total_games_analyzed,total_games_with_card,games_with_prelude,seen_count,drawn_count,played_count,win_rate_overall,elo_gain_overall,win_rate_when_seen,elo_gain_when_seen,win_rate_when_drawn,elo_gain_when_drawn,win_rate_when_bought_during_game,elo_gain_when_bought_during_game,win_rate_when_played,elo_gain_when_played,win_count_overall,win_count_when_seen,win_count_when_drawn,win_count_when_bought_during_game,win_count_when_played,avg_elo_overall,avg_elo_when_seen,avg_elo_when_drawn,avg_elo_when_bought_during_game,avg_elo_when_played,play_to_buy_during_game_rate,play_to_buy_overall_rate,play_to_draw_for_free_rate,play_per_option_rate,play_per_card_in_hand_rate,plays_when_bought_during_game,plays_when_bought_overall,plays_when_drawn_for_free,relative_win_rate_when_seen,relative_win_rate_when_drawn,relative_win_rate_when_bought_during_game,relative_win_rate_when_played,relative_elo_gain_when_seen,relative_elo_gain_when_drawn,relative_elo_gain_when_bought_during_game,relative_elo_gain_when_played,bayesian_win_rate_when_bought_during_game,bayesian_elo_gain_when_bought_during_game,original_win_rate_when_bought_during_game,original_elo_gain_when_bought_during_game,game_count_when_bought_during_game,bayesian_win_rate_when_played,bayesian_elo_gain_when_played,original_win_rate_when_played,original_elo_gain_when_played,game_count_when_played
Acquired Company,16707,6795,5610,6580,3194,2523,80.7947,1.5641,80.7599,1.5675,81.9662,1.7714,79.8328,1.4591,81.6695,1.7438,5490,5314,2618,955,2062,585.62,584.6418,584.0207,572.5771,582.3746,0.9466,0.967,0.5045,0.3834,0.7899,1135,1906,617,-3.4,20.72,-25.61,15.96,3.1,23.49,-9.03,22.37,79.8328,1.4591,79.6497,1.4462,1199,81.6695,1.7438,81.7281,1.7602,2523
Adaptation Technology,16707,6509,5309,6327,2842,1847,81.7637,1.7617,81.6975,1.7555,82.0197,1.8332,80.8609,1.7996,81.3805,1.8414,5322,5169,2331,1140,1504,583.6837,583.342,583.1963,577.922,583.8479,0.7887,0.7937,0.4581,0.2919,0.6499,1112,1289,558,15.35,21.79,-1.58,9.98,21.9,29.67,30.04,33.79,80.8609,1.7996,80.8511,1.8369,1409,81.3805,1.8414,81.4293,1.8744,1847
Adapted Lichen,16707,6414,5226,6325,2605,1771,80.6673,1.4959,80.7431,1.5167,82.1497,1.6676,79.5975,1.2547,81.1192,1.4725,5174,5107,2140,736,1437,585.0027,584.773,583.4887,573.1616,577.6539,0.8847,0.905,0.4565,0.28,0.6798,821,1172,598,-3.74,24.39,-32.4,4.21,-1.98,13.11,-34.25,-7.12,79.5975,1.2547,79.3103,1.194,928,81.1192,1.4725,81.1406,1.4653,1770
Advanced Alloys,16707,6099,5001,5896,4344,3988,82.7513,1.942,82.8528,1.9666,84.6455,2.2942,82.9032,2.0448,84.9537,2.3594,5047,4885,3677,1953,3396,584.3801,583.6633,584.157,580.7167,585.0579,0.963,0.9676,0.7923,0.6764,0.918,2264,3015,973,38.45,74.31,42.82,84.51,43.01,75.77,55.15,86.42,82.9032,2.0448,83.071,2.088,2351,84.9537,2.3594,85.1555,2.4007,3987
Advanced Ecosystems,16707,6972,5703,6879,5868,3587,82.7883,1.7367,82.7446,1.7234,83.623,1.741,83.8146,1.6901,81.3272,1.389,5772,5692,4907,3210,2918,585.7045,585.5258,588.9768,586.8844,585.7117,0.6139,0.6129,0.6061,0.5214,0.6113,2347,2727,860,36.29,53.86,60.71,8.38,18.69,20.45,16.16,-15.57,83.8146,1.6901,83.9655,1.6981,3822,81.3272,1.389,81.3493,1.3808,3587
Aerobraked Ammonia Asteroid,16707,6594,5439,6468,1668,538,80.1031,1.4324,80.0866,1.432,81.7146,1.6049,79.0634,1.3294,79.9269,1.3825,5282,5180,1363,288,428,586.99,586.6016,586.9149,575.1707,580.0651,0.6911,0.7417,0.1512,0.0832,0.3225,255,359,179,-16.87,15.69,-57.63,-27.52,-10.45,6.84,-31.97,-21.12,79.0634,1.3294,78.0488,1.2168,368,79.9269,1.3825,79.5539,1.3253,538
AI Central,16707,5893,4820,5701,4730,4123,85.101,2.3677,85.2307,2.4091,85.8985,2.4738,84.7669,2.2818,86.0712,2.4965,5015,4859,4063,2471,3559,583.7436,583.0368,584.9789,581.8138,584.6287,0.8916,0.8991,0.7777,0.7232,0.8717,2591,3287,836,86.01,99.37,82.02,107.81,87.26,93.73,79.66,100.66,84.7669,2.2818,85.031,2.3331,2905,86.0712,2.4965,86.3206,2.5431,4123
Algae,16707,7075,5794,6999,5571,4919,82.417,1.7334,82.3975,1.7328,83.0731,1.7636,82.243,1.5767,82.8064,1.6734,5831,5767,4628,2803,4077,584.1884,584.0296,584.3987,581.2446,584.5029,0.9004,0.9041,0.821,0.7028,0.883,3066,3754,1165,29.35,42.86,27.8,39.05,19.63,22.71,4.26,14.25,82.243,1.5767,82.3201,1.5791,3405,82.8064,1.6734,82.8827,1.679,4918
Anti-Gravity Technology,16707,6322,5164,6122,4868,3946,83.5179,1.9258,83.6328,1.9494,85.1684,2.166,84.5533,2.0708,86.6585,2.4647,5280,5120,4146,2543,3431,583.9745,582.7239,584.6419,580.2908,581.0953,0.8196,0.8105,0.8109,0.6446,0.8106,2458,3020,926,54.05,84.77,77.3,120.37,41.29,62.95,56.99,97.52,84.5533,2.0708,84.7949,2.1064,2999,86.6585,2.4647,86.9488,2.5117,3946
Ants,16707,6770,5519,6575,2073,931,80.6795,1.4222,80.8061,1.4438,81.4279,1.5335,80.1409,1.2306,82.3923,1.75,5462,5313,1688,670,770,585.5201,584.844,575.6025,570.8329,569.536,0.6337,0.6183,0.3115,0.1416,0.4491,531,575,356,-2.48,9.96,-19.56,35.53,-9.27,-0.3,-37.9,25.94,80.1409,1.2306,79.9523,1.1575,837,82.3923,1.75,82.7068,1.7959,930
Aquifer Pumping,16707,6895,5697,6674,1612,407,81.1022,1.534,81.1957,1.5677,83.5608,2.0186,79.6517,1.4454,80.5374,1.531,5592,5419,1347,234,327,585.3582,584.2637,578.6948,569.9293,574.1302,0.7273,0.7679,0.072,0.061,0.2525,216,321,86,5.31,52.61,-42.84,-11.72,3.12,48.21,-15.27,-0.82,79.6517,1.4454,78.7879,1.3838,296,80.5374,1.531,80.344,1.5283,406
Archaebacteria,16707,7391,6022,7200,3121,2289,80.8145,1.5861,80.7778,1.5794,81.224,1.7049,77.7458,1.0056,79.665,1.4244,5973,5816,2535,988,1821,583.5438,582.9686,583.0852,579.3667,584.3054,0.9218,0.9415,0.3939,0.3179,0.7334,1179,1820,468,-3.05,5.88,-73.65,-27.51,4.29,16.84,-61.39,-12.19,77.7458,1.0056,77.2478,0.9226,1279,79.665,1.4244,79.5544,1.4146,2288
Arctic Algae,16707,7127,5823,7043,4597,3962,82.0121,1.6408,82.1525,1.6607,83.7938,1.9002,83.713,1.8385,83.6583,1.8713,5845,5786,3852,2049,3320,585.0833,584.9615,586.734,585.0213,588.1123,0.966,0.9737,0.5981,0.5625,0.8619,2358,3142,820,24.45,57.27,60.22,57.32,12.42,36.37,32.67,35.17,83.713,1.8385,83.941,1.8632,2441,83.6583,1.8713,83.7961,1.8882,3961
Artificial Lake,16707,6826,5576,6628,2488,1485,81.2921,1.5063,81.1708,1.502,83.1994,1.8095,82.3433,1.8306,83.5525,1.8263,5549,5380,2070,1042,1246,582.6834,581.7115,584.0426,583.183,584.4323,0.7639,0.7618,0.4184,0.224,0.5969,964,985,500,4.81,45.39,32.75,59.51,-3.45,27.3,34.07,32.88,82.3433,1.8306,82.5674,1.8772,1261,83.5525,1.8263,83.9057,1.8653,1485
Artificial Photosynthesis,16707,6790,5565,6586,3568,2400,81.0751,1.5421,81.2026,1.5638,80.9417,1.5112,79.146,1.3229,79.4178,1.2455,5505,5348,2888,1334,1903,585.1003,584.1579,584.917,582.1189,585.2933,0.7994,0.8231,0.3882,0.3644,0.6726,1351,1921,479,5.45,0.23,-39.9,-32.77,2.73,-2.53,-23.89,-31.53,79.146,1.3229,78.9349,1.2976,1690,79.4178,1.2455,79.2917,1.2212,2399
Asteroid,16707,6764,5569,6617,5338,4987,81.298,1.5214,81.5173,1.5614,82.0157,1.5416,82.1318,1.5217,82.5498,1.6137,5499,5394,4378,2753,4120,586.4097,586.1348,587.6225,589.1657,588.1969,0.9492,0.9543,0.8712,0.7537,0.9342,3179,3864,1123,11.74,21.71,25.47,33.69,2.49,0.51,-1.57,8.03,82.1318,1.5217,82.2036,1.5208,3349,82.5498,1.6137,82.6148,1.6168,4986
Asteroid Mining,16707,6246,5110,6077,3198,2454,79.8751,1.3655,79.9737,1.3704,80.8005,1.651,78.5097,1.4605,80.7407,1.5445,4989,4860,2584,1015,1981,585.3708,584.9908,580.4681,565.923,576.4295,0.9215,0.9414,0.5093,0.4038,0.7674,1197,1798,656,-19.13,-2.59,-55.86,-4.1,-16.61,11.45,-8.77,0.87,78.5097,1.4605,78.137,1.4488,1299,80.7407,1.5445,80.7253,1.5452,2454
Asteroid Mining Consortium,16707,6228,5070,6018,3606,2652,81.1336,1.6606,81.1067,1.6637,82.1131,1.7704,79.6056,1.4808,82.3934,1.8483,5053,4881,2961,1400,2188,584.8234,583.9855,584.5105,575.8678,583.3612,0.8252,0.8176,0.5728,0.4407,0.7354,1454,1955,696,3.53,23.66,-29.5,31.47,12.72,23.39,-6.2,33.53,79.6056,1.4808,79.4552,1.4745,1761,82.3934,1.8483,82.5038,1.8718,2651
Beam From a Thorium Asteroid,16707,6388,5237,6243,2335,1277,80.6982,1.6132,80.6663,1.6061,80.2998,1.4463,77.8099,1.0415,78.0545,0.9989,5155,5036,1875,596,991,584.4197,584.0894,580.6732,566.7313,577.9319,0.8346,0.8336,0.2808,0.2045,0.5469,646,937,340,-5.28,-12.61,-78.55,-66.53,6.96,-9.02,-62.31,-62.19,77.8099,1.0415,77.0026,0.9134,773,78.0545,0.9989,77.6038,0.9146,1276
Big Asteroid,16707,6809,5613,6656,5580,5100,82.391,1.7354,82.497,1.7514,83.3692,1.8769,82.7017,1.7075,83.7143,1.9167,5610,5491,4652,2846,4275,585.5001,585.1442,585.76,583.9124,585.8678,0.9366,0.9396,0.8343,0.7662,0.914,3219,3967,1133,31.34,48.78,37.49,57.87,21.49,34.04,18.1,39.51,82.7017,1.7075,82.8048,1.7175,3436,83.7143,1.9167,83.8235,1.9316,5100
Biomass Combustors,16707,6852,5650,6663,2892,1799,81.655,1.5838,81.5699,1.5637,81.6736,1.5861,79.416,1.2427,80.6833,1.4589,5595,5435,2362,1135,1451,585.7805,584.9026,597.3001,605.1228,608.239,0.7934,0.7731,0.4194,0.27,0.6221,1137,1281,518,12.8,14.87,-34.51,-5.48,2.72,4.96,-33.48,-8.62,79.416,1.2427,79.2045,1.2017,1432,80.6833,1.4589,80.6559,1.4503,1799
Birds,16707,6828,5593,6624,4946,3309,82.147,1.6346,82.2464,1.6578,82.5516,1.6003,81.6527,1.4362,80.3038,1.3056,5609,5448,4083,2598,2656,586.1252,585.4307,591.8664,589.933,591.2702,0.683,0.6784,0.6424,0.4995,0.669,2172,2481,828,26.33,32.43,15.36,-13.28,12.13,6.38,-10.66,-24.49,81.6527,1.4362,81.6981,1.4299,3180,80.3038,1.3056,80.2659,1.2916,3309
Black Polar Dust,16707,7034,5787,6825,2468,1489,80.7791,1.4869,80.8645,1.5128,81.2399,1.5401,76.9873,0.7148,79.3287,1.0831,5682,5519,2005,685,1178,586.8834,586.3514,585.6641,587.4578,587.2136,0.8678,0.8823,0.3057,0.2182,0.6033,781,1124,365,-1.31,6.2,-96.38,-36.33,-2.37,0.36,-100.43,-51.43,76.9873,0.7148,76.1111,0.5322,900,79.3287,1.0831,79.1135,1.0222,1488
Breathing Filters,16707,6342,5212,6140,2835,1639,81.4412,1.5937,81.4332,1.6042,82.1164,1.8995,80.6554,1.9192,79.2746,1.5951,5165,5000,2328,1273,1296,582.4278,581.6704,582.619,580.9658,579.2129,0.6124,0.6117,0.531,0.2669,0.5781,967,1013,626,10.06,23.73,-6.19,-37.15,6.77,36.3,43.12,6.57,80.6554,1.9192,80.6206,1.9677,1579,79.2746,1.5951,79.0726,1.6022,1639
Bribed Committee,16707,7088,5828,6861,3154,2617,81.5181,1.6013,81.4313,1.5861,83.4496,1.8041,82.2276,1.6266,83.4526,1.8084,5778,5587,2632,1088,2189,586.8435,586.3462,583.6224,577.1402,582.1143,0.9402,0.9579,0.6088,0.3814,0.8297,1241,1912,705,10.02,50.39,29.88,54.31,4.96,26.76,10.37,29.27,82.2276,1.6266,82.4242,1.6402,1320,83.4526,1.8084,83.6454,1.8292,2616
Building Industries,16707,6907,5655,6692,3628,3026,80.7152,1.4552,80.798,1.4752,80.9261,1.5229,78.6672,1.1771,81.1178,1.6148,5575,5407,2936,1310,2455,585.3006,584.1582,583.761,583.2274,584.0086,0.9473,0.9576,0.6113,0.4522,0.8341,1583,2235,791,-2.64,-0.08,-50.68,4.0,-6.13,-1.36,-40.24,8.35,78.6672,1.1771,78.3962,1.1341,1670,81.1178,1.6148,81.1302,1.62,3026
Bushes,16707,7124,5843,7050,5608,5068,81.8501,1.6618,81.8298,1.6495,82.0792,1.6291,81.9675,1.6182,81.8121,1.5316,5831,5769,4603,2807,4148,587.1567,587.0848,586.602,584.3007,586.1085,0.915,0.9218,0.8512,0.7189,0.9037,3131,3844,1224,17.99,22.98,21.96,18.34,11.3,9.26,8.65,-0.51,81.9675,1.6182,82.0281,1.623,3421,81.8121,1.5316,81.8469,1.5314,5067
Business Contacts,16707,6917,5643,6710,5344,5146,82.1454,1.6501,82.3249,1.6945,83.5329,1.8037,83.0128,1.5981,83.2559,1.7794,5682,5524,4464,2810,4289,585.7865,584.9517,587.2769,587.2858,586.8039,0.9672,0.9701,0.9387,0.7669,0.9629,3269,3997,1149,27.9,52.06,44.12,48.32,15.8,26.72,6.53,25.23,83.0128,1.5981,83.1361,1.6018,3379,83.2559,1.7794,83.3463,1.7888,5145
Business Network,16707,6784,5550,6575,4543,4178,81.4269,1.5284,81.5817,1.5752,82.3905,1.759,82.0445,1.5802,82.0206,1.6769,5524,5364,3743,2128,3429,585.9608,584.8636,585.2448,586.2246,587.2417,0.961,0.965,0.8014,0.6354,0.9197,2490,3169,1009,13.03,29.21,24.01,22.85,3.87,22.25,4.71,14.71,82.0445,1.5802,82.1305,1.5836,2590,82.0206,1.6769,82.0728,1.6836,4177
Callisto Penal Mines,16707,6213,5088,6046,2584,1683,80.6213,1.6377,80.698,1.6598,80.2632,1.7113,78.5893,1.676,79.2811,1.6645,5009,4879,2074,815,1331,580.5168,579.7397,567.3119,547.651,556.5288,0.8571,0.8656,0.4337,0.2784,0.6513,894,1127,556,-4.64,-13.34,-55.8,-36.9,12.33,17.48,16.63,14.32,78.5893,1.676,78.14,1.7028,1042,79.2811,1.6645,79.085,1.6797,1682
Capital,16707,6133,5055,5920,2905,2143,80.8414,1.483,80.7601,1.485,82.0998,1.6671,80.5409,1.5586,81.5561,1.6425,4958,4781,2385,1217,1749,584.7804,583.4916,581.3026,581.8347,580.5189,0.83,0.826,0.617,0.362,0.7377,1255,1386,757,-3.4,23.39,-8.81,13.69,-5.15,13.06,2.5,11.59,80.5409,1.5586,80.4894,1.5615,1512,81.5561,1.6425,81.6146,1.6524,2142
Carbonate Processing,16707,6872,5633,6691,2700,1785,80.9371,1.4745,80.9894,1.496,80.8148,1.4541,78.6974,1.2627,79.8922,1.3105,5562,5419,2182,777,1424,585.3427,584.899,589.0248,586.1239,593.7485,0.852,0.879,0.3972,0.2668,0.6611,846,1300,485,1.19,-2.31,-53.65,-23.08,-4.05,-8.24,-32.9,-25.13,78.6974,1.2627,78.2477,1.2075,993,79.8922,1.3105,79.7759,1.2852,1785
Caretaker Contract,16707,7165,5829,6931,1453,375,80.3768,1.472,80.2337,1.4517,82.4501,1.841,80.494,1.8901,75.8066,0.7213,5759,5561,1198,239,274,584.6893,583.8749,587.6277,583.5805,588.7413,0.5201,0.5201,0.1905,0.0541,0.2581,155,155,220,-13.93,30.4,-14.58,-157.27,-8.48,30.45,59.1,-125.12,80.494,1.8901,80.2013,2.1275,298,75.8066,0.7213,73.0667,0.2853,374
Cartel,16707,6667,5444,6482,3591,2881,82.3159,1.8508,82.2431,1.8423,85.2409,2.3258,84.1981,2.3049,86.1687,2.51,5488,5331,3061,1512,2493,583.4959,582.5066,582.9794,576.8674,582.5411,0.8999,0.8978,0.6241,0.4445,0.8023,1609,2099,782,26.26,86.22,72.67,112.05,30.58,78.93,85.44,104.11,84.1981,2.3049,84.5638,2.3909,1787,86.1687,2.51,86.5325,2.5776,2880
CEO's Favourite Project,16707,6719,5483,6508,3144,2153,81.5895,1.6572,81.5151,1.6569,83.3015,1.9593,82.509,1.8082,81.252,1.7255,5482,5305,2619,1537,1750,584.4883,583.3483,587.9144,588.9279,583.0478,0.7117,0.7091,0.6464,0.3308,0.6848,1323,1365,788,11.7,47.43,34.98,7.04,12.04,42.28,30.1,20.66,82.509,1.8082,82.6789,1.8375,1858,81.252,1.7255,81.2819,1.7431,2153
Cloud Seeding,16707,6309,5134,6104,1903,834,80.6467,1.469,80.7831,1.4974,81.6605,1.5307,77.3842,1.0406,78.4197,1.1995,5088,4931,1554,475,649,584.4998,583.7208,586.8145,576.4173,583.3333,0.7416,0.731,0.2581,0.1366,0.4383,462,530,304,-2.94,14.61,-93.72,-62.25,-3.91,-0.58,-65.53,-41.78,77.3842,1.0406,76.244,0.8812,622,78.4197,1.1995,77.8177,1.1187,834
Colonizer Training Camp,16707,6653,5489,6462,2621,1809,79.7234,1.3104,79.805,1.3395,80.6562,1.5292,80.1415,1.4558,81.4266,1.6622,5304,5157,2114,892,1474,586.3618,585.466,581.2201,577.2978,581.1996,0.896,0.8963,0.4366,0.2799,0.6902,999,1296,513,-22.5,-5.48,-18.6,11.03,-19.7,-0.73,-9.52,13.96,80.1415,1.4558,80.0,1.4413,1115,81.4266,1.6622,81.4815,1.6761,1808
Comet,16707,7005,5719,6877,5438,4856,82.0128,1.6,82.0416,1.5891,83.1372,1.6839,83.0012,1.5629,83.8778,1.8041,5745,5642,4521,2705,4079,585.6981,585.4676,587.3518,587.3894,588.2545,0.9327,0.9399,0.7609,0.7061,0.893,3035,3771,1085,22.23,44.14,43.97,61.38,5.26,14.74,2.8,27.86,83.0012,1.5629,83.1285,1.5645,3253,83.8778,1.8041,83.9992,1.8151,4855
Commercial District,16707,6401,5252,6182,3401,2702,80.753,1.5585,80.8153,1.5663,81.182,1.5181,80.1514,1.3076,81.0428,1.4581,5169,4996,2761,1353,2190,584.7321,583.7633,582.1991,581.1225,581.3938,0.8657,0.8755,0.6604,0.4371,0.7945,1463,1856,846,-2.3,5.04,-17.42,2.42,2.98,-1.84,-25.6,-8.42,80.1514,1.3076,80.0592,1.2805,1689,81.0428,1.4581,81.0511,1.4523,2701
Convoy From Europa,16707,6815,5567,6661,4596,4170,81.482,1.6855,81.5193,1.6694,82.5283,1.8381,81.6349,1.7874,82.6513,1.8822,5553,5430,3793,2168,3450,583.5545,583.3171,582.1913,576.7807,581.3494,0.9488,0.9558,0.7769,0.626,0.9073,2518,3202,968,11.78,31.96,15.16,36.07,13.29,30.16,26.98,36.23,81.6349,1.7874,81.688,1.8063,2654,82.6513,1.8822,82.7338,1.8988,4170
Corporate Stronghold,16707,6437,5307,6237,2482,1696,81.1558,1.5471,81.3692,1.59,81.1442,1.8489,79.4388,1.7324,80.0559,1.7491,5224,5075,2014,820,1356,587.8656,586.9368,588.7059,587.6728,590.5926,0.8639,0.8786,0.4763,0.2719,0.6833,895,1122,574,8.78,4.28,-35.59,-19.55,5.35,31.24,23.38,23.77,79.4388,1.7324,79.1506,1.7703,1035,80.0559,1.7491,79.9528,1.7742,1696
Cupola City,16707,6634,5466,6424,3929,3247,80.5547,1.5819,80.4639,1.59,81.3948,1.745,80.0723,1.6122,81.313,1.7166,5344,5169,3198,1675,2641,584.1138,583.0047,583.4021,579.6084,584.4198,0.9136,0.9178,0.6225,0.5054,0.8264,1913,2490,757,-9.32,9.29,-18.79,8.13,5.35,20.85,8.29,19.12,80.0723,1.6122,79.9904,1.6194,2094,81.313,1.7166,81.3366,1.7277,3247
Decomposers,16707,7353,5975,7130,5706,5370,81.6537,1.5562,81.7391,1.57,82.7024,1.6528,82.3937,1.6317,82.7264,1.6623,6004,5828,4719,3124,4446,584.3951,583.69,586.1537,586.3725,586.1281,0.9527,0.9538,0.8948,0.7532,0.9411,3609,4273,1097,16.18,35.45,30.82,37.26,3.35,11.63,10.02,13.05,82.3937,1.6317,82.471,1.6367,3787,82.7264,1.6623,82.7933,1.667,5369
Deep Well Heating,16707,6602,5398,6412,3164,2374,80.4453,1.5241,80.3182,1.5165,80.3097,1.5689,77.2805,1.2021,79.7925,1.5471,5311,5150,2541,1155,1892,582.7661,581.8868,578.5095,575.9561,576.6508,0.8737,0.8839,0.5366,0.3702,0.7503,1314,1721,653,-12.24,-12.41,-82.7,-24.67,-2.0,3.24,-37.89,1.15,77.2805,1.2021,76.7952,1.1576,1504,79.7925,1.5471,79.6967,1.548,2374
Deimos Down,16707,6532,5298,6366,5550,4810,83.5119,1.9189,83.5375,1.9215,84.3063,1.9784,83.1642,1.7422,84.8076,2.0775,5455,5318,4679,2857,4087,585.218,584.8937,586.6346,583.1079,587.2495,0.8927,0.8996,0.7659,0.7556,0.8667,3062,3763,1047,52.15,67.52,47.29,80.77,38.5,44.19,21.77,56.35,83.1642,1.7422,83.2945,1.7542,3429,84.8076,2.0775,84.9688,2.1,4810
Designed Microorganisms,16707,7046,5766,6835,3162,2221,81.3653,1.718,81.4923,1.7465,82.4794,2.0136,81.064,1.9726,81.9851,1.8924,5733,5570,2608,1016,1823,584.9892,583.9462,579.3615,573.174,580.3372,0.905,0.9261,0.3491,0.3249,0.7024,1134,1793,428,11.24,30.99,3.11,23.0,21.0,47.71,50.58,38.79,81.064,1.9726,81.0854,2.0423,1252,81.9851,1.8924,82.0801,1.9244,2221
Development Center,16707,6656,5443,6456,4698,4202,82.482,1.6777,82.5279,1.7029,84.2486,1.9619,83.5763,1.7217,83.8451,1.859,5490,5328,3958,2312,3529,584.9524,583.9179,585.5009,581.9475,586.6083,0.933,0.9418,0.7548,0.6509,0.8944,2575,3303,899,31.96,66.37,56.76,61.07,16.64,42.54,19.86,33.78,83.5763,1.7217,83.7681,1.7351,2760,83.8451,1.859,83.9838,1.8743,4202
Domed Crater,16707,6724,5546,6505,3562,2708,81.4099,1.6225,81.4297,1.6304,81.9764,1.68,80.273,1.4553,81.8728,1.6603,5474,5297,2920,1385,2219,586.3311,585.6314,590.6578,587.8836,590.4465,0.8882,0.8881,0.5175,0.4163,0.7602,1534,2072,636,9.99,20.93,-14.66,20.25,9.39,14.35,-9.06,13.3,80.273,1.4553,80.1969,1.4459,1726,81.8728,1.6603,81.9424,1.6695,2707
Dust Seals,16707,7294,5994,7073,1601,834,80.5731,1.5064,80.6164,1.5146,82.3235,1.802,82.8071,2.0448,83.3515,2.0602,5877,5702,1318,306,700,586.834,586.0513,586.9969,588.5726,594.235,0.8438,0.8585,0.3993,0.1179,0.5209,308,364,470,-6.27,27.87,58.11,60.06,-2.19,26.55,78.68,64.94,82.8071,2.0448,83.8356,2.3233,365,83.3515,2.0602,83.9329,2.1859,833
Earth Catapult,16707,6144,5009,5942,5104,4914,85.4329,2.5101,85.5436,2.5392,86.5596,2.6947,85.1079,2.4716,86.7395,2.7291,5249,5083,4418,2605,4274,582.1338,581.573,581.983,575.0229,581.8012,0.9869,0.9896,0.8812,0.827,0.9628,3011,3801,1113,92.27,112.59,89.03,120.92,100.27,115.82,99.64,124.11,85.1079,2.4716,85.3818,2.5329,3051,86.7395,2.7291,86.976,2.7776,4913
Earth Office,16707,7119,5825,6918,5098,4823,82.4414,1.7991,82.4371,1.7934,84.2487,2.0441,83.6348,1.8805,84.5284,2.0681,5869,5703,4295,2481,4084,584.9329,584.2772,585.8138,587.3439,586.2917,0.9601,0.966,0.8881,0.6972,0.9461,2842,3664,1159,30.14,66.37,57.75,74.95,25.69,50.76,36.72,55.37,83.6348,1.8805,83.8176,1.9037,2959,84.5284,2.0681,84.6776,2.0902,4822
Ecological Zone,16707,6954,5656,6870,6102,5820,82.4418,1.6294,82.4891,1.6459,83.1367,1.6401,82.6212,1.5298,82.9545,1.5929,5733,5667,5073,3219,4832,584.8388,584.5556,587.3396,584.6966,587.8431,0.9576,0.9576,0.9416,0.8472,0.9538,3727,4449,1371,31.18,44.13,35.56,41.88,10.94,10.36,-0.7,5.83,82.6212,1.5298,82.7081,1.5295,3892,82.9545,1.5929,83.0241,1.5948,5819
Electro Catapult,16707,6769,5576,6557,3774,3047,81.6369,1.6505,81.6532,1.6613,82.4059,1.7334,80.1549,1.3088,82.9953,1.7577,5526,5354,3110,1422,2533,585.5379,584.203,583.0951,576.5276,583.0348,0.9403,0.9458,0.5385,0.4647,0.8074,1670,2355,692,14.46,29.52,-17.25,44.02,12.48,19.69,-25.33,23.57,80.1549,1.3088,80.0676,1.2832,1775,82.9953,1.7577,83.1309,1.7722,3047
Energy Saving,16707,6718,5525,6492,1432,288,80.0238,1.4153,80.0524,1.4339,82.9609,1.8939,79.167,1.5586,82.1435,1.7342,5376,5197,1188,173,239,585.2946,584.2452,577.7402,560.4215,565.7569,0.5426,0.5435,0.1356,0.0444,0.2011,121,125,163,-17.55,40.62,-67.03,41.12,-10.26,35.74,4.2,33.5,79.167,1.5586,77.5785,1.5785,222,82.1435,1.7342,82.9861,1.8715,288
Energy Tapping,16707,7249,5996,7069,3589,2542,81.2802,1.5041,81.3411,1.5124,82.1956,1.7002,80.5839,1.4335,81.9789,1.6324,5892,5750,2950,1337,2086,589.1021,588.5408,591.667,592.1801,592.0803,0.8247,0.8396,0.4551,0.3596,0.7083,1369,1984,558,8.22,25.31,-7.76,22.63,-2.41,16.37,-11.54,10.35,80.5839,1.4335,80.5422,1.4211,1659,81.9789,1.6324,82.0614,1.64,2541
Eos Chasma National Park,16707,6535,5390,6454,3994,2875,81.5761,1.5715,81.5928,1.5872,82.0481,1.688,80.3966,1.3619,80.2882,1.4944,5331,5266,3277,1918,2307,586.1376,585.8923,589.814,589.5019,586.8108,0.7512,0.7514,0.6614,0.4455,0.7198,1793,1947,928,13.25,22.36,-11.56,-13.73,5.07,15.15,-18.92,-4.5,80.3966,1.3619,80.3519,1.3473,2387,80.2882,1.4944,80.2435,1.4915,2874
Equatorial Magnetizer,16707,6950,5702,6751,1554,568,80.9928,1.5561,81.0695,1.5695,83.462,1.9575,82.6057,1.7524,82.5332,1.7607,5629,5473,1297,328,472,582.715,582.1618,582.4241,593.4962,585.287,0.6412,0.6441,0.2693,0.0841,0.3655,252,257,311,2.79,50.64,50.61,43.37,3.3,42.1,32.61,30.33,82.6057,1.7524,83.4606,1.8626,392,82.5332,1.7607,83.0986,1.8398,567
Extreme-Cold Fungus,16707,6744,5525,6558,1816,715,80.7384,1.61,80.6496,1.5863,82.5991,2.0754,79.212,1.7088,81.1869,1.9916,5445,5289,1500,395,581,582.3115,582.1418,573.5149,560.0775,560.2993,0.7873,0.7801,0.1875,0.109,0.3937,396,493,222,-5.61,33.38,-48.03,6.57,4.98,53.89,24.08,58.24,79.212,1.7088,78.5288,1.7773,503,81.1869,1.9916,81.2587,2.1189,715
Farming,16707,6626,5429,6541,4244,2930,81.3764,1.5459,81.4554,1.5641,81.951,1.5024,80.6017,1.38,80.2831,1.2164,5392,5328,3478,2070,2351,585.9108,586.0208,590.9654,586.4905,588.9925,0.7166,0.7167,0.6334,0.4479,0.6904,1841,2080,850,10.51,20.42,-7.08,-13.82,2.76,-3.41,-16.87,-34.2,80.6017,1.38,80.5761,1.3678,2568,80.2831,1.2164,80.2389,1.1945,2930
Fish,16707,6815,5599,6610,4849,3598,82.4652,1.671,82.3752,1.6626,83.1305,1.6232,83.1045,1.5862,81.6709,1.3121,5620,5445,4031,2613,2940,584.6034,583.9401,588.3953,587.3195,586.3835,0.7455,0.746,0.7302,0.5443,0.742,2340,2705,893,28.9,44.01,46.26,15.64,12.61,8.67,5.29,-23.69,83.1045,1.5862,83.2431,1.5894,3138,81.6709,1.3121,81.7121,1.2996,3597
Flooding,16707,7326,5989,7109,4549,3896,81.7909,1.5917,81.9525,1.6272,82.6555,1.6997,82.2236,1.4996,83.1265,1.7904,5992,5826,3760,2133,3243,583.2468,582.3406,581.8048,578.4678,581.605,0.9251,0.9367,0.6398,0.548,0.8565,2397,3109,787,20.45,34.51,27.87,46.18,9.07,16.32,-3.98,26.69,82.2236,1.4996,82.3234,1.4967,2591,83.1265,1.7904,83.2392,1.8034,3896
Food Factory,16707,6394,5265,6186,1606,618,80.8727,1.546,80.8923,1.5435,82.4408,1.8219,79.4736,1.6374,80.7897,1.4124,5171,5004,1324,311,499,584.6042,584.2307,578.2422,565.5646,571.8608,0.6557,0.6807,0.277,0.0999,0.3848,259,292,326,-0.76,30.21,-43.92,-3.72,0.7,28.54,15.21,-16.43,79.4736,1.6374,78.7342,1.6886,394,80.7897,1.4124,80.7443,1.3722,618
Fueled Generators,16707,7259,5966,7039,3190,2189,81.4162,1.5097,81.5315,1.5396,81.3793,1.4589,80.5625,1.2522,80.1113,1.3521,5910,5739,2596,1136,1752,585.8935,584.9729,587.7533,593.1467,591.4244,0.8016,0.826,0.4523,0.311,0.6862,1131,1647,541,12.03,8.98,-8.4,-17.87,0.31,-7.76,-32.46,-20.12,80.5625,1.2522,80.5103,1.2119,1410,80.1113,1.3521,80.0365,1.3353,2189
Fuel Factory,16707,6767,5588,6577,3326,2647,81.2029,1.645,81.2529,1.6755,82.4414,1.8277,79.4814,1.4137,81.7654,1.7564,5495,5344,2742,1055,2166,584.1707,583.1096,578.9549,564.7077,575.5773,0.9354,0.9468,0.5477,0.4025,0.7959,1245,1958,689,6.46,30.23,-33.33,17.97,13.9,29.12,-14.13,23.65,79.4814,1.4137,79.2637,1.3952,1331,81.7654,1.7564,81.8285,1.773,2646
Fusion Power,16707,6474,5314,6289,2777,1662,80.553,1.4665,80.601,1.4756,81.1667,1.7591,78.9377,1.5599,80.014,1.5834,5215,5069,2254,948,1328,586.0232,585.163,578.8963,572.3425,576.0397,0.7653,0.7758,0.3866,0.2643,0.5985,923,1173,489,-6.58,4.73,-46.46,-20.53,-6.09,22.26,2.73,5.25,78.9377,1.5599,78.607,1.5638,1205,80.014,1.5834,79.9037,1.589,1662
Ganymede Colony,16707,6109,4990,5955,3231,1672,81.7155,1.6384,81.8472,1.6667,83.0084,1.9331,82.04,1.9042,81.0823,1.8159,4992,4874,2682,1232,1356,584.5304,584.1852,583.4664,575.1701,576.9575,0.6271,0.6139,0.3774,0.2808,0.5175,940,1175,497,18.34,41.57,25.16,3.41,13.02,39.66,41.68,31.28,82.04,1.9042,82.1881,1.9533,1499,81.0823,1.8159,81.1005,1.8493,1671
Gene Repair,16707,6523,5378,6324,3904,3247,81.113,1.5703,81.0089,1.5629,82.2746,1.8904,81.4431,1.7804,81.9803,1.8675,5291,5123,3212,1862,2664,585.0823,583.8798,584.2736,583.7737,583.5109,0.8508,0.8548,0.7823,0.5134,0.8317,1944,2273,974,1.58,26.89,11.16,22.3,2.64,35.39,26.53,35.14,81.4431,1.7804,81.488,1.8018,2284,81.9803,1.8675,82.045,1.8879,3246
Geothermal Power,16707,6906,5699,6712,3034,2051,81.4075,1.6153,81.2872,1.5979,81.6084,1.6374,78.5971,1.0861,80.4025,1.5719,5622,5456,2476,955,1648,587.3228,586.683,587.5995,589.3735,591.5436,0.8452,0.8714,0.3665,0.3056,0.676,1032,1620,431,7.14,13.57,-54.31,-11.58,6.14,10.09,-52.42,3.88,78.5971,1.0861,78.2146,1.0123,1220,80.4025,1.5719,80.351,1.5753,2051
GHG Factories,16707,7043,5811,6839,3080,2058,80.3351,1.3764,80.2456,1.3705,80.6818,1.4532,80.0751,1.395,80.419,1.3806,5658,5488,2485,968,1654,588.0273,586.9775,586.6588,586.1173,587.3916,0.8489,0.8714,0.3626,0.3009,0.6682,1028,1612,446,-13.69,-4.97,-19.92,-11.22,-16.6,-8.33,-16.49,-17.11,80.0751,1.395,79.9339,1.3716,1211,80.419,1.3806,80.3693,1.3654,2057
GHG Producing Bacteria,16707,6913,5677,6709,2915,1954,81.1081,1.5721,81.2193,1.6011,82.47,1.8144,81.387,1.6167,81.702,1.6919,5607,5449,2404,1203,1598,587.5229,586.4782,599.446,603.4191,604.8613,0.8416,0.8417,0.4129,0.2913,0.6703,1243,1473,481,5.78,30.8,10.38,17.02,6.46,27.79,9.11,17.13,81.387,1.6167,81.4489,1.6276,1476,81.702,1.6919,81.781,1.7078,1953
Giant Ice Asteroid,16707,6601,5400,6464,5627,4990,84.7144,2.1368,84.7772,2.1304,85.8006,2.2404,85.2262,2.1706,86.2979,2.3444,5592,5480,4828,2931,4317,585.2686,585.1767,587.6145,583.7472,588.7926,0.9271,0.9341,0.7514,0.772,0.8868,3179,3896,1094,76.94,97.41,90.93,111.66,59.39,70.39,67.11,84.03,85.2262,2.1706,85.4768,2.2076,3429,86.2979,2.3444,86.513,2.3768,4990
Giant Space Mirror,16707,6791,5581,6634,2606,1598,80.5331,1.5516,80.4793,1.5418,81.2356,1.6757,77.9327,1.1765,79.5252,1.3828,5469,5339,2117,718,1268,583.3584,582.5324,579.4708,573.4973,579.2991,0.8299,0.857,0.3148,0.2409,0.6132,771,1229,369,-9.02,6.11,-72.85,-31.62,0.53,13.92,-43.75,-17.29,77.9327,1.1765,77.2874,1.099,929,79.5252,1.3828,79.3492,1.3636,1597
Grass,16707,6825,5599,6752,4789,4228,81.7289,1.6341,81.7091,1.641,82.5642,1.7202,81.0414,1.4781,82.3816,1.6972,5578,5517,3954,2271,3486,585.5487,585.346,586.4059,583.1527,585.3053,0.9086,0.9122,0.8116,0.6262,0.8829,2546,3095,1133,15.58,32.68,2.38,30.4,10.45,18.37,-6.26,16.83,81.0414,1.4781,81.0493,1.4739,2801,82.3816,1.6972,82.4503,1.7048,4228
Great Dam,16707,6494,5344,6308,2490,1480,81.0286,1.5561,81.0241,1.5556,81.6466,1.602,81.1911,1.6666,80.2893,1.6257,5262,5111,2033,892,1187,586.7271,585.9659,589.9454,588.1639,587.0216,0.7386,0.7369,0.4479,0.2346,0.5944,811,930,550,1.88,14.33,6.17,-14.55,1.91,6.55,15.38,10.13,81.1911,1.6666,81.2386,1.6903,1098,80.2893,1.6257,80.2027,1.6378,1480
Great Escarpment Consortium,16707,6651,5469,6441,2777,1764,80.7247,1.5246,80.562,1.5178,81.2027,1.569,78.7403,1.2188,81.0011,1.4238,5369,5189,2255,872,1429,583.1682,582.2237,580.7126,578.8509,582.466,0.8014,0.7725,0.4521,0.2739,0.6352,892,1226,538,-7.36,5.45,-51.67,1.58,-1.87,3.25,-37.48,-12.55,78.7403,1.2188,78.3468,1.1617,1113,81.0011,1.4238,81.0091,1.411,1763
Greenhouses,16707,7003,5770,6919,5311,4286,81.8364,1.6367,81.7893,1.6196,82.7339,1.6652,82.0945,1.5414,81.9184,1.523,5731,5659,4394,2741,3513,587.2526,587.337,590.2369,590.0549,590.0985,0.8112,0.8116,0.7937,0.6195,0.807,2706,3205,1081,17.18,36.08,24.68,20.69,8.31,12.87,0.52,-1.41,82.0945,1.5414,82.1643,1.5417,3335,81.9184,1.523,81.9645,1.5224,4286
Hackers,16707,6626,5459,6427,2007,1046,81.4519,1.6556,81.3754,1.6546,82.013,1.8844,79.4634,1.5614,80.7271,1.8301,5397,5230,1646,392,844,587.4846,586.553,585.5805,573.5312,578.2763,0.8491,0.8911,0.2522,0.1628,0.5212,422,753,293,8.91,21.66,-41.14,-4.84,11.81,34.79,3.49,34.97,79.4634,1.5614,78.8732,1.5714,497,80.7271,1.8301,80.6883,1.8862,1046
Heather,16707,7068,5811,6968,5000,4601,81.1969,1.4943,81.2572,1.5034,82.12,1.585,81.9552,1.5927,82.0008,1.5499,5739,5662,4106,2473,3775,586.0549,585.6985,584.651,583.743,584.3884,0.9327,0.9373,0.8768,0.6603,0.9202,2812,3363,1238,6.54,23.8,21.86,22.35,-3.31,4.85,5.99,1.4,81.9552,1.5927,82.0232,1.5964,3015,82.0008,1.5499,82.0474,1.5505,4600
Heat Trappers,16707,7186,5892,7008,3272,2021,81.1717,1.5301,81.1358,1.5304,81.8154,1.6858,81.1374,1.6435,81.9838,1.6723,5833,5686,2677,1155,1659,584.5459,583.7618,588.2039,584.4385,592.8456,0.7779,0.7453,0.3934,0.2884,0.6177,1107,1554,467,4.11,17.71,4.73,23.16,-0.61,14.93,12.2,14.93,81.1374,1.6435,81.1665,1.6585,1423,81.9838,1.6723,82.0881,1.6858,2020
Herbivores,16707,7033,5727,6829,5338,4434,81.2598,1.4988,81.2564,1.5102,81.4912,1.3994,81.2547,1.3147,81.0716,1.3171,5715,5549,4350,2847,3595,585.458,584.6364,590.0815,588.5455,590.9705,0.8507,0.8459,0.7815,0.6493,0.8306,2980,3447,987,6.53,11.22,6.86,2.96,-2.63,-13.71,-23.45,-22.93,81.2547,1.3147,81.2732,1.302,3502,81.0716,1.3171,81.078,1.3072,4434
Hired Raiders,16707,7094,5814,6903,5426,5327,81.5619,1.5505,81.6167,1.5492,82.3443,1.6443,81.5751,1.5151,82.1397,1.6179,5786,5634,4468,2783,4378,585.7153,585.2825,587.5767,586.2947,587.7531,0.983,0.9854,0.9697,0.7717,0.9818,3352,4112,1215,13.73,28.28,13.66,25.1,1.27,10.78,-2.27,8.45,81.5751,1.5151,81.6129,1.5138,3410,82.1397,1.6179,82.1851,1.621,5326
House Printing,16707,5364,5364,5165,2432,2006,80.2573,1.2006,80.2711,1.1886,80.7977,1.4527,77.2543,1.0505,80.0935,1.3469,4305,4146,1965,776,1605,605.0611,604.4139,597.0633,590.0799,595.5643,0.9132,0.9285,0.694,0.3884,0.8248,926,1260,746,-13.18,-2.65,-88.03,-18.4,-34.79,-8.38,-58.19,-20.85,77.2543,1.0505,76.5286,0.9546,1013,80.0935,1.3469,80.01,1.328,2005
Ice Asteroid,16707,7022,5764,6882,5232,4571,82.4124,1.7663,82.4906,1.7742,83.7156,1.9343,83.4932,1.8268,84.2561,1.955,5787,5677,4380,2550,3858,585.1447,584.7023,587.8972,587.1604,588.0245,0.9262,0.9368,0.6984,0.6642,0.8737,2823,3603,968,31.21,55.71,54.63,69.43,23.77,39.78,30.93,43.68,83.4932,1.8268,83.6614,1.8458,3048,84.2561,1.955,84.4017,1.9733,4570
Ice cap Melting,16707,7084,5821,6879,2767,1537,81.9029,1.694,82.0177,1.717,83.3755,2.0145,82.8407,1.9554,84.8506,2.208,5802,5642,2307,1263,1312,585.3845,584.0486,586.7951,586.302,586.0085,0.6724,0.6598,0.4114,0.2234,0.5555,1022,1059,478,21.75,48.91,43.24,88.62,18.05,47.8,47.4,75.89,82.8407,1.9554,83.0921,2.0105,1520,84.8506,2.208,85.3611,2.2954,1536
Immigrant City,16707,6081,5013,5884,3876,3462,79.5593,1.3393,79.5547,1.345,78.999,1.2454,77.5228,1.1153,78.1776,1.111,4838,4681,3062,1670,2701,582.965,581.663,583.7337,582.8507,583.4154,0.9311,0.933,0.8064,0.5884,0.8932,2014,2479,983,-27.51,-38.62,-74.45,-58.23,-19.15,-29.11,-46.02,-45.01,77.5228,1.1153,77.2076,1.0763,2162,78.1776,1.111,78.0185,1.0864,3461
Immigration Shuttles,16707,6259,5128,6117,2199,1217,80.0607,1.4579,80.1537,1.4852,81.4006,1.8731,76.6161,1.4168,80.4418,1.8584,5011,4903,1790,484,978,584.2777,584.1602,567.4507,529.7574,550.765,0.8212,0.847,0.3391,0.199,0.5534,528,786,431,-15.53,9.41,-113.16,-11.37,-5.13,33.66,-15.7,37.48,76.6161,1.4168,75.2722,1.3795,642,80.4418,1.8584,80.3615,1.9113,1217
Imported GHG,16707,6790,5558,6635,3942,3596,81.2371,1.5935,81.266,1.5962,81.9381,1.7453,82.1088,1.8904,82.0564,1.7148,5516,5392,3230,1725,2953,583.5242,582.8375,581.4944,580.9032,581.2592,0.9442,0.9475,0.8417,0.542,0.9122,1981,2490,1106,6.72,20.16,25.82,23.78,5.97,20.88,38.77,18.82,82.1088,1.8904,82.2212,1.9242,2097,82.0564,1.7148,82.119,1.7247,3596
Imported Hydrogen,16707,7088,5792,6936,5929,5551,82.6891,1.7144,82.771,1.7311,83.5891,1.7952,83.627,1.7673,83.4613,1.7394,5861,5741,4956,3215,4638,584.6591,583.8134,585.9787,584.5052,586.6891,0.9455,0.9527,0.8804,0.8003,0.9362,3629,4366,1185,36.82,53.18,56.75,52.45,19.46,25.87,24.28,21.02,83.627,1.7673,83.7676,1.7793,3837,83.4613,1.7394,83.5525,1.7467,5551
Imported Nitrogen,16707,6908,5653,6749,5347,3570,82.3972,1.6313,82.3529,1.6285,83.2616,1.6924,83.3434,1.5902,81.5347,1.3648,5692,5558,4452,2801,2912,586.6225,585.8023,587.9867,587.5159,584.5081,0.6796,0.6725,0.6535,0.529,0.6677,2280,2680,890,28.46,46.63,51.14,12.77,9.2,15.59,5.69,-18.13,83.3434,1.5902,83.4873,1.5934,3355,81.5347,1.3648,81.5686,1.3552,3570
Import of Advanced GHG,16707,6746,5526,6609,3421,2951,80.8776,1.4982,80.8897,1.5161,81.292,1.5797,81.3121,1.8654,81.3665,1.6479,5456,5346,2781,1292,2402,584.1356,583.6308,580.0295,572.5214,578.3277,0.9332,0.9396,0.7373,0.4465,0.8626,1482,1991,960,-0.81,7.24,8.6,9.32,-2.04,4.32,37.03,11.89,81.3121,1.8654,81.3602,1.9068,1588,81.3665,1.6479,81.3961,1.6554,2951
Indentured Workers,16707,7393,6049,7201,5454,5104,82.9569,1.786,82.9746,1.7931,83.6634,1.8794,83.7336,1.814,83.3872,1.8416,6133,5975,4563,2912,4261,586.9505,586.3151,591.7928,595.0369,592.1679,0.9476,0.9564,0.8648,0.7088,0.9358,3289,4035,1068,40.89,54.67,59.3,51.07,25.66,34.29,29.35,31.71,83.7336,1.814,83.8951,1.83,3471,83.3872,1.8416,83.4835,1.8536,5104
Industrial Center,16707,6777,5565,6575,4433,3929,81.1864,1.5575,81.1711,1.5597,82.134,1.6546,81.5449,1.518,81.5418,1.523,5502,5337,3641,2132,3205,587.2873,586.9427,594.8412,596.4795,595.2237,0.9085,0.9081,0.8298,0.5976,0.8863,2374,2905,1024,4.82,24.08,13.24,12.86,2.32,11.81,-1.99,-1.42,81.5449,1.518,81.592,1.5166,2613,81.5418,1.523,81.5729,1.5223,3929
Industrial Microbes,16707,6616,5470,6395,2989,2224,80.653,1.6218,80.7506,1.651,82.2683,1.9227,78.8705,1.5592,81.5949,1.897,5336,5164,2459,895,1816,585.7074,584.9554,582.3138,569.4886,577.9303,0.914,0.9385,0.4542,0.3478,0.7441,1042,1679,545,-3.59,26.76,-48.43,14.49,11.45,38.62,2.67,39.29,78.8705,1.5592,78.5088,1.5632,1139,81.5949,1.897,81.6547,1.9294,2223
Insects,16707,6893,5621,6682,5881,4976,82.591,1.6782,82.4753,1.6498,83.2852,1.6725,83.4382,1.6326,82.7252,1.5108,5693,5511,4898,3174,4120,583.1452,582.5195,585.6895,583.0795,586.1624,0.8515,0.857,0.8084,0.7447,0.8461,3234,3913,1063,30.9,47.1,52.8,37.35,11.33,13.6,10.12,-2.67,83.4382,1.6326,83.5703,1.6377,3798,82.7252,1.5108,82.7974,1.5098,4976
Insulation,16707,6743,5512,6550,1650,462,80.7059,1.5662,80.8397,1.5971,83.0303,1.8176,80.4068,1.0968,78.6798,0.8343,5442,5295,1370,364,359,584.6856,583.8264,586.6461,594.3414,597.2771,0.4648,0.4612,0.2091,0.0705,0.28,211,214,248,-1.81,42.0,-15.08,-64.49,6.06,28.11,-63.34,-100.62,80.4068,1.0968,80.1762,0.9031,454,78.6798,0.8343,77.7056,0.5303,462
Interstellar Colony Ship,16707,6446,5322,6306,3929,2133,81.601,1.5455,81.7317,1.5717,83.6091,1.903,82.8944,1.8173,80.7056,1.6002,5260,5154,3285,1942,1721,586.4915,585.8294,589.6409,588.089,583.834,0.5659,0.5549,0.519,0.3382,0.5429,1323,1450,683,16.03,53.58,42.65,-4.91,3.52,36.65,30.48,6.97,82.8944,1.8173,83.0624,1.8413,2338,80.7056,1.6002,80.6845,1.6062,2132
Invention Contest,16707,7042,5768,6839,5709,5645,82.2352,1.734,82.3951,1.7539,82.9567,1.7663,82.9943,1.7377,82.7692,1.7449,5791,5635,4736,3055,4676,587.2109,586.6564,588.7826,587.0277,588.6569,0.988,0.9897,0.9854,0.8254,0.9888,3632,4430,1215,29.3,40.53,43.53,38.09,21.74,22.98,21.21,21.58,82.9943,1.7377,83.1066,1.7486,3676,82.7692,1.7449,82.8344,1.7523,5644
Inventors' Guild,16707,6569,5384,6365,4478,3851,81.778,1.6269,81.7753,1.6394,82.0232,1.6809,81.1744,1.4635,81.5567,1.5942,5372,5205,3673,2068,3142,584.5805,583.4288,585.2423,580.2862,585.0699,0.9183,0.9289,0.6719,0.605,0.86,2339,3044,807,16.9,21.86,5.27,13.18,10.29,14.44,-7.87,6.07,81.1744,1.4635,81.1936,1.4578,2546,81.5567,1.5942,81.5892,1.5972,3850
Investment Loan,16707,7203,5945,7006,5715,5228,81.1329,1.5051,81.1305,1.5059,82.6247,1.6369,82.114,1.4542,82.3114,1.6416,5844,5684,4722,3080,4306,585.3733,584.552,588.3197,588.2946,588.0193,0.9098,0.9141,0.9164,0.7462,0.9148,3410,4043,1184,4.01,33.89,24.94,28.68,-3.06,10.04,-8.67,10.91,82.114,1.4542,82.1772,1.4498,3747,82.3114,1.6416,82.3642,1.6456,5227
Io Mining Industries,16707,6139,4983,5985,3167,2327,80.5506,1.4646,80.6683,1.4904,82.2545,1.7439,79.5656,1.3196,80.8809,1.5952,4945,4828,2605,999,1882,583.4664,582.5968,578.1367,566.2637,572.8174,0.9166,0.9334,0.4457,0.3888,0.7348,1154,1752,575,-5.24,26.49,-31.63,-1.07,-4.61,20.74,-25.14,6.38,79.5656,1.3196,79.3487,1.2851,1258,80.8809,1.5952,80.8767,1.6003,2326
Ironworks,16707,6867,5638,6670,1625,468,81.3893,1.5577,81.3793,1.5468,82.8923,1.936,81.155,1.8234,82.015,1.99,5589,5428,1347,278,386,585.0706,584.8537,581.7409,574.0088,576.9167,0.6988,0.7281,0.122,0.0702,0.288,239,324,144,8.98,39.24,7.13,30.97,1.03,39.95,45.47,64.73,81.155,1.8234,81.2865,1.9912,342,82.015,1.99,82.4786,2.1838,468
Kelp Farming,16707,6939,5631,6843,6162,5475,82.9658,1.7455,82.9461,1.7424,83.5605,1.7713,82.8971,1.6519,83.187,1.7199,5757,5676,5149,3222,4559,582.6766,582.5641,584.2506,579.3233,584.244,0.8977,0.9042,0.8398,0.8001,0.8885,3485,4217,1258,40.32,52.61,41.37,46.79,20.59,23.48,12.14,19.01,82.8971,1.6519,82.9985,1.6579,3881,83.187,1.7199,83.2694,1.7266,5475
Lagrange Observatory,16707,6621,5406,6480,4552,4125,81.0603,1.5995,81.0031,1.5877,81.6784,1.6736,80.5899,1.5295,81.0141,1.5346,5367,5249,3718,2114,3342,584.2962,583.9681,585.5079,583.6925,586.2189,0.9154,0.9159,0.8818,0.6366,0.9062,2402,2984,1141,1.46,14.97,-7.32,1.76,5.12,13.71,-0.75,-0.2,80.5899,1.5295,80.564,1.529,2624,81.0141,1.5346,81.0182,1.5345,4124
Lake Marineris,16707,7105,5823,6907,4015,2447,81.0274,1.5186,81.2364,1.5561,82.4907,1.6533,82.3498,1.5078,83.4477,1.7262,5757,5611,3312,1971,2047,583.7536,582.9608,588.1178,587.5381,585.4414,0.6774,0.6693,0.4745,0.3543,0.6095,1619,1862,585,6.13,31.21,30.77,54.47,1.96,11.68,-3.11,20.52,82.3498,1.5078,82.4686,1.5054,2390,83.4477,1.7262,83.6535,1.7417,2446
Land Claim,16707,6544,5348,6340,2299,1803,81.5403,1.6242,81.5615,1.63,83.2101,2.0357,83.0195,2.0358,82.0699,1.9732,5336,5171,1913,934,1482,584.0677,583.6071,586.5085,592.6509,588.3289,0.8455,0.8495,0.7174,0.2844,0.7843,947,988,815,12.63,45.6,49.26,25.32,9.35,49.92,58.85,48.51,83.0195,2.0358,83.3929,2.125,1119,82.0699,1.9732,82.1963,2.0216,1803
Large Convoy,16707,6605,5370,6467,5357,4111,82.7403,1.8707,82.9442,1.9038,83.4236,1.9218,83.815,1.9104,82.669,1.8001,5465,5364,4469,2801,3402,584.633,584.2544,585.3939,581.4879,585.6388,0.7778,0.7816,0.723,0.6357,0.7674,2594,3174,937,40.28,49.87,61.16,36.47,36.73,38.53,39.63,27.64,83.815,1.9104,83.988,1.9328,3335,82.669,1.8001,82.7536,1.8129,4110
Lava Flows,16707,7004,5754,6811,4528,3650,81.5106,1.6208,81.5299,1.6313,82.1113,1.6771,81.4138,1.5323,82.2301,1.6915,5709,5553,3718,2099,3004,586.5711,586.1558,589.4594,587.5774,589.6712,0.8809,0.8913,0.5815,0.5359,0.8061,2270,2926,724,12.0,23.62,10.42,27.43,9.48,14.06,-0.45,16.35,81.4138,1.5323,81.4513,1.532,2576,82.2301,1.6915,82.3014,1.7,3649
Lava Tube Settlement,16707,5032,5032,4843,2002,1327,80.2862,1.2516,79.9091,1.1914,79.8202,1.3202,75.987,0.8077,78.0527,1.0847,4040,3870,1598,655,1030,607.4714,606.8567,599.3511,594.5737,595.3157,0.8286,0.8337,0.4804,0.274,0.6628,725,862,465,-20.42,-22.2,-121.46,-66.23,-34.51,-21.63,-89.54,-51.99,75.987,0.8077,74.8571,0.6411,875,78.0527,1.0847,77.6187,1.0166,1326
Lichen,16707,6958,5714,6858,4175,3618,80.4973,1.375,80.4899,1.3715,80.8862,1.3813,81.4897,1.5578,80.7454,1.3346,5601,5520,3377,1767,2921,586.5716,586.2666,585.5408,578.7988,583.5124,0.9312,0.9357,0.7283,0.5276,0.8666,2018,2605,1013,-8.8,-0.88,12.22,-3.9,-16.5,-15.52,2.33,-21.31,81.4897,1.5578,81.5413,1.5598,2167,80.7454,1.3346,80.7352,1.3234,3618
Lightning Harvest,16707,6179,5074,5991,2352,1681,80.3043,1.4837,80.3706,1.4937,82.3554,1.9613,80.7121,1.8134,82.1829,1.9832,4962,4815,1937,797,1384,583.7474,583.0976,573.375,564.8451,570.8923,0.8198,0.8267,0.6121,0.2806,0.7147,810,930,751,-11.19,28.51,-5.24,28.04,-4.28,42.48,33.29,49.98,80.7121,1.8134,80.668,1.8694,988,82.1829,1.9832,82.3319,2.0363,1681
Livestock,16707,6547,5377,6327,2988,2046,81.0906,1.5315,80.923,1.5189,81.7269,1.6098,81.9188,1.7572,80.9822,1.4592,5309,5120,2442,1352,1657,583.9123,582.9034,583.7282,579.2858,581.0357,0.7567,0.7529,0.5824,0.3234,0.6847,1247,1350,696,-0.14,15.94,22.17,1.14,-1.76,7.33,24.75,-8.49,81.9188,1.7572,82.0388,1.784,1648,80.9822,1.4592,80.9873,1.4516,2045
Local Heat Trapping,16707,6625,5405,6427,3488,2200,81.6755,1.5796,81.7022,1.5969,83.1709,1.8704,81.6319,1.6579,79.8692,1.378,5411,5251,2901,1732,1755,584.6158,583.9431,591.8053,588.2198,590.7377,0.6561,0.6595,0.579,0.3423,0.6307,1391,1478,722,15.44,44.82,15.36,-23.15,6.04,33.39,13.28,-17.29,81.6319,1.6579,81.6981,1.6693,2120,79.8692,1.378,79.7727,1.3636,2200
Lunar Beam,16707,7037,5776,6825,2651,1530,80.9294,1.5315,80.9377,1.5395,82.1577,1.6262,81.4681,1.6138,80.2231,1.2782,5695,5524,2178,696,1226,586.8522,586.1386,583.5926,573.9625,581.5392,0.8476,0.8817,0.252,0.2242,0.5771,723,1207,323,0.15,24.55,13.29,-15.99,0.3,8.97,9.54,-29.21,81.4681,1.6138,81.5944,1.6319,852,80.2231,1.2782,80.1307,1.2444,1530
Magnetic Field Dome,16707,6692,5468,6499,1638,782,80.4244,1.4707,80.3662,1.4635,84.0659,1.989,81.0262,1.5582,81.1466,1.483,5382,5223,1377,364,635,584.9676,584.3697,585.4762,586.4855,588.3184,0.7149,0.7105,0.3875,0.1203,0.4774,321,324,458,-11.28,62.72,2.78,5.44,-7.3,45.25,3.14,-6.72,81.0262,1.5582,81.069,1.5679,449,81.1466,1.483,81.202,1.4693,782
Magnetic Field Generators,16707,6405,5262,6207,1633,501,80.9212,1.469,81.0698,1.5065,84.0171,2.1317,81.182,1.7343,82.0057,1.8036,5183,5032,1372,378,413,587.3597,586.619,580.2878,559.8172,562.0499,0.5398,0.5391,0.2121,0.0807,0.3068,251,255,246,2.79,61.74,7.2,30.1,-3.0,59.52,28.29,37.37,81.182,1.7343,81.2903,1.8194,465,82.0057,1.8036,82.4351,1.9102,501
Mangrove,16707,7276,5965,7198,5603,4014,82.3392,1.7273,82.3423,1.7292,83.2054,1.7589,82.4295,1.5857,81.9141,1.5214,5991,5927,4662,3043,3290,586.3528,586.0264,593.3421,593.3761,593.7257,0.7232,0.7241,0.6929,0.5577,0.7164,2667,3053,961,28.24,45.51,31.61,20.66,19.27,22.24,5.19,-1.58,82.4295,1.5857,82.5108,1.5884,3688,81.9141,1.5214,81.9631,1.5207,4014
Mars University,16707,6410,5228,6229,5622,5494,83.1201,1.7661,83.3521,1.8146,84.027,1.8911,83.2166,1.6728,83.8226,1.8583,5328,5192,4724,3146,4611,583.8616,582.9213,584.5882,583.3852,584.5788,0.9772,0.9797,0.9669,0.882,0.9772,3689,4444,1050,48.44,61.94,48.15,59.96,27.81,35.46,14.35,33.35,83.2166,1.6728,83.3377,1.68,3775,83.8226,1.8583,83.9279,1.87,5494
Martian Rails,16707,6479,5323,6290,1479,469,80.568,1.5694,80.7313,1.6043,82.4882,1.6829,83.3356,2.1524,83.9851,2.253,5220,5078,1220,264,400,585.9035,585.193,580.2204,558.701,548.678,0.7299,0.7256,0.2005,0.0746,0.3171,227,238,231,-3.98,31.16,79.15,87.15,6.78,14.64,101.33,102.21,83.3356,2.1524,84.8875,2.5498,310,83.9851,2.253,85.2878,2.5586,469
Martian Survey,16707,5791,5791,5601,2368,1640,80.1934,1.1369,80.1643,1.1396,80.9544,1.2466,80.4904,1.2605,80.3185,1.1741,4644,4490,1917,800,1316,607.8164,607.5171,605.8661,608.2603,602.9085,0.8995,0.9087,0.3907,0.2928,0.6926,895,1254,386,-15.32,0.49,-10.56,-13.72,-39.69,-28.99,-33.15,-40.66,80.4904,1.2605,80.402,1.205,995,80.3185,1.1741,80.2439,1.1299,1640
Mass Converter,16707,6692,5494,6472,4865,4207,83.4728,1.932,83.5754,1.955,85.6321,2.2121,85.2366,2.1425,86.5863,2.3956,5586,5409,4166,2489,3654,585.6572,584.6278,585.5505,582.0244,584.111,0.8842,0.8804,0.8193,0.65,0.8647,2573,3172,1034,52.91,94.04,92.05,118.5,41.85,67.56,64.77,89.99,85.2366,2.1425,85.5326,2.1842,2910,86.5863,2.3956,86.8552,2.4364,4207
Media Archives,16707,6723,5486,6515,4148,2922,82.0765,1.6942,81.9954,1.6887,83.4137,1.9057,82.4587,1.6994,80.9692,1.6035,5518,5342,3460,2114,2366,582.9368,581.9836,586.8901,587.8172,584.9374,0.7102,0.7048,0.7036,0.4485,0.7044,1818,2013,909,21.31,49.67,32.96,0.84,15.22,36.92,17.56,7.16,82.4587,1.6994,82.5781,1.7121,2560,80.9692,1.6035,80.9719,1.6081,2922
Media Group,16707,7020,5734,6814,5573,5354,83.3333,1.9329,83.5045,1.9737,84.8556,2.1794,83.848,1.9446,84.9453,2.1846,5850,5690,4729,2938,4556,583.0896,582.138,582.6488,579.8376,583.0392,0.9783,0.982,0.8944,0.7857,0.9607,3421,4143,1211,51.49,78.51,61.7,83.3,43.72,64.29,43.15,67.23,83.848,1.9446,84.0149,1.968,3496,84.9453,2.1846,85.0953,2.2088,5353
Medical Lab,16707,6372,5257,6157,4373,3860,82.1563,1.712,82.1179,1.7064,83.421,1.9172,82.1284,1.8414,83.3709,1.9471,5235,5056,3648,2063,3223,585.7831,584.8832,584.4429,578.3798,582.865,0.9135,0.9102,0.8098,0.6269,0.8827,2292,2889,971,23.76,49.82,25.88,51.35,16.99,38.07,32.92,43.19,82.1284,1.8414,82.224,1.8657,2508,83.3709,1.9471,83.4974,1.9684,3860
Methane From Titan,16707,6424,5331,6282,3416,2481,81.3979,1.6157,81.455,1.6302,81.2646,1.5427,79.6077,1.3353,80.711,1.4205,5229,5117,2776,1287,2002,586.5621,585.8521,587.3864,582.0173,588.497,0.8642,0.86,0.5092,0.3949,0.7263,1400,1818,663,10.5,6.69,-29.71,-4.74,9.37,0.62,-22.6,-12.54,79.6077,1.3353,79.4444,1.3105,1620,80.711,1.4205,80.6933,1.4111,2480
Micro-Mills,16707,7082,5845,6871,1421,619,80.1469,1.4002,80.1048,1.3899,79.7326,1.1464,77.3181,0.9244,78.127,1.059,5676,5504,1133,142,478,586.9583,586.3446,577.9986,556.5337,568.1826,0.7202,0.7963,0.351,0.0901,0.4356,139,215,404,-16.51,-23.95,-147.1,-74.18,-14.66,-39.01,-124.63,-63.18,77.3181,0.9244,73.5751,0.2902,193,78.127,1.059,77.2213,0.9047,619
Mine,16707,6903,5665,6711,3714,3334,81.0083,1.5692,81.0609,1.5905,82.1486,1.7859,79.7553,1.4503,82.3956,1.8334,5592,5440,3051,1383,2750,585.2821,584.4056,584.7771,583.7571,583.4553,0.9764,0.9834,0.7162,0.4968,0.8977,1696,2481,853,2.62,24.37,-26.2,31.07,5.4,24.94,-9.61,31.47,79.7553,1.4503,79.62,1.4404,1737,82.3956,1.8334,82.4835,1.8512,3334
Mineral Deposit,16707,6999,5770,6815,4981,4555,81.7545,1.6778,81.7315,1.6668,82.4132,1.7884,81.8224,1.6751,82.3735,1.7836,5722,5570,4105,2427,3755,585.8976,585.222,586.2236,586.1815,586.3407,0.9207,0.9296,0.8712,0.6684,0.9145,2729,3432,1123,16.03,29.66,19.05,30.14,13.03,25.19,14.8,25.8,81.8224,1.6751,81.8826,1.6845,2963,82.3735,1.7836,82.4369,1.7945,4554
Mining Area,16707,6845,5591,6649,4713,4317,82.4982,1.8072,82.5538,1.8325,83.6622,1.9966,81.8644,1.582,83.7472,2.0153,5647,5489,3943,2168,3621,586.6273,585.4727,588.1589,590.7948,589.3799,0.9467,0.9539,0.8151,0.6493,0.916,2505,3268,1049,32.47,54.64,20.1,58.95,29.6,46.01,4.89,50.1,81.8644,1.582,81.935,1.5854,2645,83.7472,2.0153,83.8777,2.0375,4316
Mining Expedition,16707,6385,5235,6180,2577,1711,81.1903,1.5125,81.2945,1.5414,81.1021,1.638,79.4863,1.5472,79.9509,1.535,5184,5024,2090,912,1366,584.1574,583.3371,582.6802,579.6933,580.4839,0.8262,0.8326,0.4934,0.2769,0.664,951,1079,632,7.29,3.44,-33.89,-21.87,0.49,10.15,1.26,-0.17,79.4863,1.5472,79.2354,1.5491,1151,79.9509,1.535,79.8364,1.5348,1710
Mining Rights,16707,6560,5407,6359,4430,4170,81.5549,1.6588,81.7267,1.6748,82.5056,1.8273,80.9893,1.4473,82.4682,1.8149,5350,5197,3655,1939,3442,585.5779,585.0374,587.6483,583.7176,589.124,0.9762,0.9816,0.8412,0.6558,0.9413,2337,3100,1070,15.93,31.51,1.28,32.24,13.83,29.08,-9.67,29.18,80.9893,1.4473,80.9942,1.4398,2393,82.4682,1.8149,82.542,1.8283,4169
Miranda Resort,16707,6191,5039,6055,3477,2842,81.9254,1.816,82.0479,1.8319,83.8942,2.1409,83.2834,2.1124,84.1834,2.1723,5072,4968,2917,1463,2399,582.6235,581.9876,581.4021,578.8646,581.5194,0.8926,0.8901,0.7,0.4694,0.8174,1563,1911,931,22.36,59.28,52.44,69.65,29.54,60.44,64.17,68.06,83.2834,2.1124,83.5523,2.1782,1750,84.1834,2.1723,84.4124,2.2171,2841
Mohole Area,16707,6999,5751,6782,3359,2396,81.4974,1.6765,81.5246,1.6837,82.3162,1.7583,80.0163,1.336,81.6202,1.643,5704,5529,2765,1120,1957,583.961,583.0745,583.5695,580.4451,584.836,0.9051,0.9329,0.3317,0.3533,0.7133,1269,1989,407,11.89,27.72,-20.88,14.95,14.72,22.18,-22.91,11.54,80.0163,1.336,79.8859,1.3074,1401,81.6202,1.643,81.6778,1.6519,2395
Moss,16707,6991,5728,6898,4445,3972,80.9612,1.5563,80.9365,1.559,82.6772,1.8139,82.6051,1.741,82.571,1.8028,5660,5583,3675,2047,3283,587.1612,586.8394,587.6553,587.5295,586.8487,0.9341,0.9329,0.8073,0.5758,0.8936,2311,2849,1123,0.13,34.94,36.21,34.47,2.25,27.74,22.1,27.97,82.6051,1.741,82.7405,1.7575,2474,82.571,1.8028,82.6536,1.8162,3971
Natural Preserve,16707,7207,5951,6990,4064,3416,82.1007,1.7473,82.2175,1.7742,83.8091,2.013,83.5459,1.9524,83.818,2.0563,5917,5747,3406,1748,2869,588.1815,587.5619,589.4525,586.3941,589.0433,0.9583,0.9675,0.5371,0.4887,0.8406,1999,2771,645,25.75,57.58,57.33,61.14,23.77,47.65,45.58,55.02,83.5459,1.9524,83.7967,1.9923,2086,83.818,2.0563,83.9871,2.0867,3416
Nitrite Reducing Bacteria,16707,6677,5519,6476,1625,594,81.294,1.6657,81.3928,1.6771,83.7538,2.2542,80.5906,1.9951,81.0907,1.9624,5428,5271,1361,283,482,585.5723,584.603,575.7551,551.3778,555.4057,0.7102,0.7635,0.2159,0.0917,0.3655,250,339,255,9.25,56.47,-10.65,4.29,14.06,71.77,71.92,56.96,80.5906,1.9951,80.3977,2.2557,352,81.0907,1.9624,81.1448,2.1061,593
Nitrogen-Rich Asteroid,16707,6661,5393,6505,5998,5411,82.9305,1.8433,82.9977,1.8501,83.3611,1.8556,82.5779,1.5886,83.8507,1.9139,5524,5399,5000,3133,4543,582.2755,581.756,583.3413,581.942,584.0752,0.9195,0.9239,0.8316,0.8318,0.9021,3485,4236,1175,41.35,48.62,34.7,60.57,31.36,31.91,5.48,39.14,82.5779,1.5886,82.6649,1.5913,3790,83.8507,1.9139,83.9586,1.9279,5411
Nitrophilic Moss,16707,6830,5575,6748,4415,3778,80.5564,1.4587,80.6017,1.4624,81.5402,1.5622,80.3504,1.4352,81.3439,1.528,5502,5439,3600,1916,3074,586.3057,586.2165,586.1334,580.5624,584.6294,0.9241,0.9247,0.7055,0.5599,0.8557,2205,2798,980,-6.57,12.2,-12.57,8.71,-7.41,2.57,-10.98,-0.9,80.3504,1.4352,80.3018,1.4267,2385,81.3439,1.528,81.3658,1.5275,3778
Noctis City,16707,6480,5310,6276,4809,3884,81.2654,1.6401,81.1504,1.6225,81.2851,1.6579,79.4358,1.3072,80.408,1.5397,5266,5093,3909,2195,3122,582.8134,581.8607,582.0774,584.1117,581.3983,0.8305,0.8373,0.7258,0.6189,0.8077,2298,2955,929,4.41,7.1,-32.05,-10.98,8.6,12.14,-24.59,0.34,79.4358,1.3072,79.3278,1.2906,2766,80.408,1.5397,80.3811,1.5399,3883
Noctis Farming,16707,6927,5697,6826,4940,4480,81.204,1.4946,81.2042,1.4985,81.8623,1.6103,80.872,1.4029,81.4928,1.4955,5625,5543,4044,2422,3652,587.3941,587.341,592.0038,590.6648,593.131,0.9242,0.9276,0.8547,0.6563,0.9069,2768,3281,1200,5.48,18.64,-1.24,11.76,-3.8,7.38,-14.25,-4.28,80.872,1.4029,80.8681,1.394,2995,81.4928,1.4955,81.5179,1.4937,4479
Nuclear Power,16707,6796,5550,6566,2304,1149,80.6504,1.4008,80.6275,1.398,81.1198,1.5729,80.4682,1.6897,79.382,1.4102,5481,5294,1869,605,909,584.5266,583.9362,582.7569,572.5206,575.456,0.7543,0.7857,0.2337,0.175,0.4987,568,869,280,-6.05,3.79,-11.7,-36.36,-13.85,3.64,19.39,-14.83,80.4682,1.6897,80.3453,1.7304,752,79.382,1.4102,79.1123,1.3882,1148
Nuclear Zone,16707,7060,5755,6872,5422,4976,83.7252,1.9126,83.862,1.9497,85.2084,2.1553,84.5323,1.9989,85.6619,2.2553,5911,5763,4620,2801,4272,584.7477,584.0958,585.8196,585.3371,586.3461,0.9525,0.961,0.7837,0.7241,0.9177,3148,3940,1036,58.64,85.57,76.41,98.44,41.32,61.88,49.04,74.77,84.5323,1.9989,84.7504,2.0269,3304,85.6619,2.2553,85.8521,2.2842,4975
Olympus Conference,16707,6529,5325,6335,5166,4911,82.5701,1.7151,82.5572,1.7124,83.9528,1.9071,83.6424,1.811,83.9143,1.9105,5391,5230,4337,2687,4127,585.038,584.4044,585.6496,583.3915,585.2083,0.9563,0.961,0.9163,0.7752,0.9506,3066,3816,1095,32.54,60.45,57.63,62.11,17.59,37.06,29.16,38.92,83.6424,1.811,83.8116,1.8281,3206,83.9143,1.9105,84.0358,1.9257,4911
Open City,16707,6760,5564,6563,3762,2613,81.8935,1.6399,81.8071,1.6179,82.3764,1.7228,81.5911,1.636,80.514,1.4604,5536,5369,3099,1913,2103,584.8587,583.9587,590.235,592.6415,589.6051,0.7179,0.7128,0.6575,0.3981,0.6946,1682,1797,816,17.54,28.93,14.35,-8.96,8.14,18.63,10.8,-8.19,81.5911,1.636,81.6475,1.6445,2342,80.514,1.4604,80.4822,1.4546,2613
Optimal Aerobraking,16707,7086,5812,6914,5519,5136,82.7124,1.7656,82.7596,1.7754,84.5987,2.0178,84.2052,1.9101,85.0423,2.1221,5861,5722,4669,2899,4376,583.9622,583.2346,583.2738,579.9173,582.3917,0.9531,0.9598,0.8401,0.7428,0.9306,3274,4006,1130,36.59,73.37,69.32,85.45,23.89,48.13,39.54,60.84,84.2052,1.9101,84.3959,1.9319,3435,85.0423,2.1221,85.2025,2.1449,5135
Ore Processor,16707,6926,5682,6720,1758,603,81.3601,1.6028,81.4286,1.6161,83.9022,2.2139,80.9169,1.9956,81.178,2.0537,5635,5472,1475,373,490,584.1263,583.0543,577.9863,566.3601,568.524,0.7245,0.7517,0.1418,0.0897,0.343,334,436,167,9.97,59.44,-0.38,6.61,7.96,67.74,65.87,68.9,80.9169,1.9956,80.9111,2.1952,460,81.178,2.0537,81.2604,2.2255,602
Permafrost extraction,16707,6994,5729,6789,3365,2427,81.67,1.6161,81.7499,1.617,82.2585,1.592,81.6049,1.4635,83.0552,1.6511,5712,5550,2768,1631,2020,583.6842,583.0327,587.0449,588.0676,587.9885,0.8142,0.8109,0.5609,0.3575,0.7212,1626,1750,677,16.4,26.57,14.85,46.0,8.05,5.55,-8.03,12.4,81.6049,1.4635,81.6725,1.4562,1997,83.0552,1.6511,83.2303,1.6605,2427
Peroxide Power,16707,7013,5760,6833,3078,1969,81.0067,1.4579,81.0918,1.4731,81.2541,1.5182,80.22,1.3639,79.6617,1.2524,5681,5541,2501,1027,1566,585.672,585.1834,586.2459,581.397,587.1519,0.8175,0.8405,0.3371,0.2882,0.6397,1048,1555,414,3.23,6.48,-16.42,-27.95,-6.34,-1.83,-19.95,-31.3,80.22,1.3639,80.1092,1.337,1282,79.6617,1.2524,79.5328,1.2235,1968
Pets,16707,6387,5257,6163,2773,2204,80.7265,1.5417,80.675,1.5455,81.3199,1.6816,80.4883,1.8112,81.5666,1.8242,5156,4972,2255,1035,1799,583.1049,581.9375,580.3509,575.0521,578.6316,0.9363,0.935,0.6245,0.3576,0.7948,1205,1425,780,-5.1,7.8,-10.21,13.88,0.9,14.51,31.74,31.38,80.4883,1.8112,80.4196,1.8539,1286,81.5666,1.8242,81.6243,1.8503,2204
Phobos Space Haven,16707,5941,4893,5788,2692,1839,80.643,1.6597,80.5805,1.674,80.5721,1.6887,78.1083,1.4457,78.2179,1.3327,4791,4664,2169,934,1433,584.7204,584.1669,580.6605,573.8446,575.7308,0.8379,0.8455,0.5077,0.3177,0.6831,1008,1182,657,-6.99,-7.16,-65.82,-60.15,13.75,15.22,-10.59,-22.6,78.1083,1.4457,77.6392,1.4306,1203,78.2179,1.3327,77.9228,1.3105,1838
Physics Complex,16707,6396,5195,6199,2315,1210,81.3008,1.6323,81.4164,1.6658,83.4989,2.0631,81.8893,1.9251,82.8268,2.093,5200,5047,1933,829,1006,586.144,585.3462,585.6069,583.205,578.9802,0.7119,0.7107,0.3486,0.1952,0.5227,719,791,419,9.73,51.38,22.98,44.21,12.93,52.66,46.55,64.86,81.8893,1.9251,82.0792,2.002,1010,82.8268,2.093,83.1405,2.1851,1209
Plantation,16707,6860,5656,6768,4979,4243,80.8455,1.443,80.9102,1.4502,81.5425,1.5218,82.1109,1.6261,81.811,1.5819,5546,5476,4060,2400,3473,587.0462,586.9954,590.1755,589.5366,590.856,0.8764,0.8806,0.785,0.6269,0.8522,2559,3082,1161,-0.4,12.25,25.23,18.45,-8.63,-1.47,9.57,4.75,82.1109,1.6261,82.1918,1.6322,2919,81.811,1.5819,81.8525,1.584,4242
Power Grid,16707,6722,5517,6529,1452,240,79.9762,1.3361,79.9357,1.3304,80.7851,1.5579,81.1475,1.6742,81.1046,1.4075,5376,5219,1173,196,195,585.1738,584.5966,577.0723,558.2241,571.4792,0.5228,0.5346,0.0847,0.0368,0.1653,126,139,101,-19.89,-2.9,7.95,6.4,-20.61,2.14,25.19,-23.65,81.1475,1.6742,81.3278,1.7884,241,81.1046,1.4075,81.25,1.3,240
Power Infrastructure,16707,6914,5682,6706,1685,795,80.9662,1.5849,81.0916,1.6323,85.2226,2.4985,83.8965,2.2437,84.3075,2.3118,5598,5438,1436,438,677,585.0094,584.2074,581.3739,586.5592,580.9006,0.7592,0.763,0.3345,0.1186,0.4718,391,412,383,3.23,85.85,82.37,84.54,9.58,96.2,98.19,97.04,83.8965,2.2437,85.0485,2.5184,515,84.3075,2.3118,85.1572,2.5069,795
Power Plant,16707,7009,5771,6803,3566,2793,81.5095,1.5668,81.5082,1.5705,82.0808,1.7978,79.1749,1.3811,81.3184,1.6948,5713,5545,2927,1291,2272,587.2288,586.6866,587.4764,586.3535,588.1017,0.8893,0.9088,0.5503,0.4106,0.7832,1454,2103,689,11.56,23.01,-39.4,8.32,3.4,26.13,-17.44,16.96,79.1749,1.3811,78.9602,1.3621,1635,81.3184,1.6948,81.3462,1.7061,2793
Power Supply Consortium,16707,6640,5492,6460,2822,1856,80.9488,1.5239,80.9907,1.533,81.1836,1.5046,79.991,1.412,81.4621,1.5989,5375,5232,2291,1058,1513,586.408,585.8012,585.859,575.3992,582.875,0.7879,0.7851,0.485,0.2873,0.6577,1044,1275,581,1.21,5.07,-21.62,11.79,-0.35,-3.19,-14.33,6.91,79.991,1.412,79.8491,1.3932,1324,81.4621,1.5989,81.5194,1.6056,1855
Predators,16707,6936,5751,6706,3516,1514,81.7186,1.5675,81.8372,1.5938,81.1149,1.4494,79.9668,1.2538,74.8465,0.6327,5668,5488,2852,1619,1121,587.1789,586.1482,594.3231,595.2585,592.4974,0.4652,0.4575,0.3805,0.2258,0.4306,943,1050,465,18.14,3.7,-21.17,-137.76,5.73,-8.71,-31.06,-102.33,79.9668,1.2538,79.8717,1.2259,2027,74.8465,0.6327,74.0423,0.5132,1513
Protected Habitats,16707,6567,5368,6384,4797,4484,79.8995,1.3307,79.9499,1.3416,78.9452,1.1209,78.2742,1.1472,79.0748,1.126,5247,5104,3787,2094,3542,585.0539,584.247,583.9758,582.6182,583.9915,0.9791,0.9808,0.8174,0.7024,0.9348,2626,3378,1106,-19.6,-39.7,-57.08,-38.76,-19.49,-41.56,-41.83,-42.88,78.2742,1.1472,78.0761,1.1182,2681,79.0748,1.126,78.992,1.1077,4483
Protected Valley,16707,6877,5660,6783,4693,3969,82.1579,1.707,82.3087,1.7348,82.8255,1.8451,82.0841,1.6868,83.0861,1.8761,5650,5583,3887,2180,3302,586.3612,586.0133,591.3463,590.7652,594.5281,0.9031,0.916,0.6775,0.5851,0.8457,2396,3032,937,27.57,37.91,24.82,45.29,19.83,30.86,16.16,35.67,82.0841,1.6868,82.1711,1.6981,2653,83.0861,1.8761,83.1948,1.8932,3968
Psychrophiles,16707,6300,6300,6129,3126,2531,81.5556,1.3467,81.7425,1.364,83.5893,1.6695,82.92,1.5704,83.9201,1.7412,5138,5010,2613,1237,2130,607.9968,607.6903,606.1785,603.5857,607.0537,0.959,0.9715,0.4584,0.413,0.8097,1426,2079,452,16.25,53.18,45.15,64.53,-17.25,13.3,3.85,22.09,82.92,1.5704,83.1876,1.575,1487,83.9201,1.7412,84.1565,1.7574,2530
Quantum Extractor,16707,6666,5416,6461,4461,3778,81.7882,1.6625,81.7675,1.6658,83.5687,1.9496,82.7534,1.9066,84.4107,2.0695,5452,5283,3728,2070,3196,583.9113,583.0658,581.6573,574.4706,579.5005,0.8919,0.8885,0.7423,0.5847,0.8469,2227,2836,942,16.75,52.77,39.39,73.3,12.93,41.31,39.98,56.12,82.7534,1.9066,82.8995,1.9363,2496,84.4107,2.0695,84.595,2.0977,3778
Rad-Chem Factory,16707,6465,5287,6258,3372,2734,80.8662,1.4422,80.8725,1.4444,81.9988,1.5792,81.3533,1.5779,81.3177,1.4558,5228,5061,2765,1549,2224,586.3086,585.3218,586.7918,587.0194,586.8676,0.8408,0.8497,0.7429,0.4369,0.8108,1600,1821,913,-1.15,21.37,9.35,8.32,-9.21,4.27,4.57,-8.66,81.3533,1.5779,81.3978,1.5822,1902,81.3177,1.4558,81.346,1.4499,2734
Rad-Suits,16707,6452,5236,6261,1879,1363,80.2542,1.4995,80.3546,1.5229,82.0649,1.8116,80.0322,2.0883,81.2451,1.8031,5178,5031,1542,492,1108,583.5375,582.4571,578.818,569.0389,574.3962,0.8298,0.8349,0.6669,0.2177,0.7254,512,546,817,-11.51,22.7,-23.79,7.22,-1.36,27.51,73.09,30.58,80.0322,2.0883,79.7407,2.2674,616,81.2451,1.8031,81.2913,1.8423,1362
Regolith Eaters,16707,6563,5416,6352,1609,504,80.5272,1.474,80.5416,1.4794,80.174,1.3978,75.065,1.0493,76.6847,1.2618,5285,5116,1290,254,378,585.8254,584.9197,578.596,564.4972,557.1865,0.6949,0.7303,0.1538,0.0793,0.3132,246,325,179,-7.77,-15.12,-183.57,-118.6,-5.71,-13.87,-76.25,-38.37,75.065,1.0493,71.7514,0.774,354,76.6847,1.2618,75.0,1.1528,504
Release of Inert Gases,16707,6280,5153,6083,1864,1053,80.4459,1.5967,80.5524,1.6262,82.0815,1.9742,80.4309,2.0589,79.6377,1.6571,5052,4900,1530,484,836,585.6592,584.7832,572.7151,557.8292,562.9829,0.7562,0.7849,0.432,0.1731,0.5649,456,551,502,-7.55,23.03,-13.3,-30.76,8.97,43.77,69.57,14.35,80.4309,2.0589,80.2653,2.2322,603,79.6377,1.6571,79.3922,1.68,1053
Research,16707,6418,5294,6224,5061,4495,82.5023,1.8071,82.5353,1.8159,82.9678,1.8275,82.0517,1.7789,82.2974,1.7464,5295,5137,4199,2472,3702,585.6331,584.9361,586.8437,582.8439,586.4071,0.8987,0.9028,0.845,0.7222,0.8882,2705,3410,1085,32.1,40.75,23.92,28.56,27.94,29.1,25.85,21.92,82.0517,1.7789,82.1262,1.795,3010,82.2974,1.7464,82.3582,1.7557,4494
Research Coordination,16707,5593,5593,5399,3136,2427,80.6544,1.0249,80.7001,1.0207,82.1747,1.2012,82.4892,1.3662,82.4081,1.2506,4511,4357,2577,1285,2003,610.4198,610.3617,612.7172,612.8726,613.0297,0.8668,0.8709,0.5821,0.4495,0.7739,1347,1814,613,-4.6,24.89,35.19,32.0,-51.58,-33.53,-19.22,-30.95,82.4892,1.3662,82.6898,1.3443,1554,82.4081,1.2506,82.5299,1.227,2426
Research Outpost,16707,6019,4964,5811,5285,5136,83.8345,2.1459,83.9959,2.1635,84.6358,2.2863,83.7256,2.0819,84.7612,2.3212,5046,4881,4473,2725,4361,585.5426,585.18,585.1603,585.3408,584.6924,0.9898,0.9916,0.9086,0.8838,0.9718,3215,3993,1143,61.32,74.11,59.35,79.61,62.7,74.98,57.9,81.53,83.7256,2.0819,83.8978,2.1155,3247,84.7612,2.3212,84.9104,2.3518,5136
Restricted Area,16707,6405,5257,6189,5295,5063,83.8095,2.0075,83.9877,2.0406,84.6459,2.122,83.6696,1.8824,84.3409,2.0641,5368,5198,4482,2831,4277,586.3074,585.1428,587.5118,586.0302,587.9439,0.9698,0.9753,0.8858,0.8181,0.9562,3275,4062,1001,61.15,74.32,58.03,70.91,50.41,58.55,36.64,54.84,83.6696,1.8824,83.8318,1.9029,3377,84.3409,2.0641,84.4756,2.0849,5063
Robotic Workforce,16707,6679,5488,6479,4226,3352,81.2846,1.6625,81.1391,1.6439,81.7558,1.6796,81.2571,1.5326,82.0625,1.8081,5429,5257,3455,1807,2753,585.5409,584.9285,586.7686,585.753,587.2252,0.8583,0.8698,0.616,0.5174,0.7932,1908,2566,786,4.18,16.51,7.13,24.0,10.74,14.31,-0.43,28.78,81.2571,1.5326,81.2865,1.5322,2223,82.0625,1.8081,82.1301,1.8243,3351
Rover Construction,16707,6328,5241,6112,3140,2827,80.7048,1.6054,80.7101,1.6116,81.9427,1.9424,81.3888,2.06,81.8917,1.9231,5107,4933,2573,1295,2317,583.8434,582.5283,580.5806,579.6025,581.6915,0.9629,0.9649,0.8,0.4625,0.9003,1531,1843,984,-4.4,20.25,10.33,20.59,7.51,40.59,58.93,41.4,81.3888,2.06,81.4465,2.1258,1590,81.8917,1.9231,81.9597,1.9505,2826
Sabotage,16707,6875,5636,6660,5239,5104,82.4727,1.79,82.5676,1.8182,83.5847,1.9931,83.0281,1.881,83.2364,1.9228,5670,5499,4379,2642,4253,586.9184,586.103,587.2804,584.2874,587.8736,0.978,0.9823,0.9492,0.7664,0.9742,3107,3890,1214,32.75,53.09,44.6,47.93,28.17,45.66,36.62,40.14,83.0281,1.881,83.1602,1.9027,3177,83.2364,1.9228,83.3268,1.9379,5104
Satellites,16707,6355,5281,6200,2838,2045,81.0386,1.5451,81.1774,1.5687,82.7696,1.7449,81.9877,1.5871,83.4681,1.9106,5150,5033,2349,1045,1712,587.068,586.6655,585.8869,586.2131,583.4543,0.8774,0.8802,0.5388,0.3298,0.7206,1116,1330,715,4.95,36.79,24.48,55.73,3.22,20.84,5.86,41.07,81.9877,1.5871,82.1541,1.5951,1271,83.4681,1.9106,83.7164,1.9472,2044
Search For Life,16707,7121,5901,6939,3374,2471,81.056,1.5096,81.0203,1.5115,82.4837,1.7579,81.8105,1.6278,82.7353,1.8418,5772,5622,2783,1332,2048,587.1637,586.3194,589.2478,588.5197,589.3383,0.9016,0.8832,0.4651,0.3561,0.7324,1466,1905,566,1.8,31.07,19.77,39.03,-2.5,22.14,10.25,33.0,81.8105,1.6278,81.9188,1.639,1626,82.7353,1.8418,82.8814,1.8665,2471
Security Fleet,16707,6641,5511,6480,1425,251,79.4308,1.3155,79.3056,1.2955,80.1404,1.3109,77.1273,0.8939,76.4736,0.9928,5275,5139,1142,105,183,587.2557,586.4756,583.473,553.5342,571.6096,0.6096,0.6107,0.1254,0.0387,0.1761,89,91,160,-32.49,-15.79,-180.25,-160.43,-24.1,-22.56,-152.28,-97.87,77.1273,0.8939,71.9178,0.0137,146,76.4736,0.9928,72.9084,0.5578,250
SF Memorial,16707,5265,5265,5061,2808,2477,81.4435,1.2887,81.4068,1.2867,81.161,1.3373,80.6576,1.3495,80.3833,1.2616,4288,4120,2279,1244,1990,608.8809,608.7943,606.1823,606.4381,606.0367,0.9242,0.9273,0.8014,0.4894,0.8821,1426,1670,807,9.53,4.62,-6.16,-11.82,-24.98,-19.92,-21.12,-29.71,80.6576,1.3495,80.6222,1.3253,1542,80.3833,1.2616,80.3391,1.2394,2477
Shuttles,16707,6489,5353,6352,3721,3243,80.8753,1.4626,80.9666,1.4871,82.6928,1.8237,81.8778,1.6581,82.5693,1.7701,5248,5143,3077,1768,2681,583.4509,582.7036,587.2773,584.7441,589.3056,0.9105,0.9095,0.8018,0.5105,0.8715,1964,2191,1052,0.73,35.25,20.71,34.81,-4.94,28.72,13.29,24.8,81.8778,1.6581,81.9657,1.6694,2156,82.5693,1.7701,82.6704,1.7845,3242
Small Animals,16707,7045,5826,6847,4855,4038,81.5188,1.5087,81.5832,1.5198,82.8012,1.5839,82.397,1.3925,81.8749,1.4562,5743,5586,4020,2549,3308,587.0914,586.5553,594.9839,596.946,595.4715,0.8534,0.8486,0.7805,0.5897,0.8317,2637,3099,939,13.06,37.42,31.24,19.83,-1.67,4.74,-15.33,-8.43,82.397,1.3925,82.4919,1.3832,3090,81.8749,1.4562,81.9217,1.4522,4038
Soil Factory,16707,6578,5388,6349,1613,752,80.6932,1.5452,80.7214,1.5458,81.5871,1.5952,80.4441,1.7067,80.4475,1.3375,5308,5125,1316,320,604,586.669,585.9606,582.4247,565.0326,582.1569,0.7018,0.6995,0.3877,0.1184,0.4662,280,284,468,-4.17,13.14,-14.59,-12.22,0.93,5.87,25.55,-25.19,80.4441,1.7067,80.2005,1.792,399,80.4475,1.3375,80.3191,1.2846,752
Solar Power,16707,6350,5213,6170,2072,1165,80.0,1.4302,80.0324,1.4527,81.4672,1.5796,79.9385,1.6338,80.2829,1.4208,5080,4938,1688,536,934,585.5953,584.9154,579.3209,559.8143,568.4206,0.7593,0.7763,0.4122,0.1888,0.5623,511,663,502,-17.95,10.74,-25.73,-15.17,-8.38,4.31,12.62,-13.56,79.9385,1.6338,79.6434,1.6627,672,80.2829,1.4208,80.1717,1.4009,1164
Solar Wind Power,16707,6852,5623,6719,4813,4328,81.5528,1.6645,81.5598,1.6708,82.1941,1.6875,81.0398,1.5235,81.8432,1.6344,5588,5480,3956,2181,3544,585.183,584.7104,586.9258,585.7744,587.1322,0.9153,0.9262,0.8322,0.6441,0.8992,2463,3177,1151,12.59,25.28,2.36,19.11,13.43,15.1,-1.4,10.24,81.0398,1.5235,81.0479,1.5225,2691,81.8432,1.6344,81.8854,1.6389,4327
Soletta,16707,7024,5768,6870,2148,958,80.2107,1.4416,80.2183,1.4381,79.702,1.2239,75.1872,0.6683,76.4992,0.6522,5634,5511,1712,284,724,589.046,588.6376,589.9926,572.2901,585.0814,0.7761,0.8684,0.1391,0.1394,0.446,305,785,173,-14.24,-24.56,-173.31,-107.12,-9.84,-31.26,-131.0,-106.89,75.1872,0.6683,72.2646,0.2265,393,76.4992,0.6522,75.5741,0.4676,958
Space Elevator,16707,6428,5271,6283,3844,3237,81.705,1.6808,81.8081,1.7016,83.0125,1.8234,81.8374,1.6727,83.3244,1.8013,5252,5140,3191,1560,2702,585.0797,584.6054,583.4844,578.3855,586.1359,0.9291,0.9386,0.6501,0.5152,0.8421,1769,2401,836,17.56,41.65,20.05,50.85,16.51,28.69,15.05,28.12,81.8374,1.6727,81.9328,1.687,1903,83.3244,1.8013,83.4724,1.8177,3236
Space Hotels,16707,5320,5320,5183,2930,2388,81.203,1.2769,81.1885,1.2807,83.1399,1.6147,82.6663,1.6492,84.2681,1.8402,4320,4208,2436,1136,2019,605.565,605.3735,601.8693,597.8307,600.4841,0.9285,0.9169,0.6302,0.4607,0.815,1272,1732,656,5.17,44.2,39.79,72.35,-25.58,7.82,12.92,32.91,82.6663,1.6492,82.9197,1.6657,1370,84.2681,1.8402,84.5477,1.8656,2388
Space Mirrors,16707,6965,5716,6825,1490,326,80.4738,1.5029,80.4689,1.5103,82.7517,2.1678,79.4027,1.6072,78.8732,1.4038,5605,5492,1233,147,253,584.6737,583.9519,573.0738,546.746,554.7791,0.6296,0.6747,0.1273,0.0478,0.2188,119,168,158,-9.22,36.43,-63.05,-66.45,-2.62,63.13,14.6,-21.44,79.4027,1.6072,77.7778,1.6825,188,78.8732,1.4038,77.6074,1.3221,325
Space Station,16707,6446,5288,6291,3700,3434,80.6547,1.4645,80.6867,1.4783,82.1081,1.7,81.1669,1.6213,82.1921,1.7262,5199,5076,3038,1623,2825,584.0171,583.4739,581.9384,579.6863,580.7697,0.9595,0.9597,0.8673,0.5459,0.9281,1918,2336,1098,-4.87,23.56,5.21,26.71,-5.82,16.35,9.33,20.08,81.1669,1.6213,81.1906,1.6298,1998,82.1921,1.7262,82.2656,1.7373,3433
Special Design,16707,6869,5621,6671,2499,1495,81.4529,1.5643,81.517,1.5771,81.7927,1.6118,80.8189,1.5887,81.3487,1.609,5595,5438,2044,989,1217,583.5778,582.8377,582.3449,580.7312,582.1612,0.6904,0.6877,0.4966,0.2241,0.5982,845,914,581,11.74,17.25,-2.59,9.49,4.06,7.53,6.07,8.22,80.8189,1.5887,80.8007,1.5972,1223,81.3487,1.609,81.4047,1.6187,1494
Sponsors,16707,6882,5679,6684,3430,2984,80.9503,1.6507,80.8498,1.6417,82.2157,1.8796,79.3017,1.5137,82.1564,1.9072,5571,5404,2820,1126,2454,585.3246,584.2659,580.0615,573.6952,577.4286,0.9649,0.9769,0.6765,0.4464,0.87,1374,2158,826,-1.61,25.71,-37.14,26.17,10.52,34.31,-2.6,39.55,79.3017,1.5137,79.073,1.5105,1424,82.1564,1.9072,82.2386,1.932,2984
Standard Technology,16707,7015,5761,6791,4783,3886,81.5681,1.6279,81.8731,1.6875,82.1451,1.7746,80.3999,1.4948,81.7636,1.6966,5722,5560,3929,2263,3179,584.6373,583.697,585.0209,586.9748,587.1899,0.8544,0.8654,0.6656,0.5722,0.8125,2406,3042,844,18.86,24.3,-11.36,17.53,15.1,23.81,-4.47,16.83,80.3999,1.4948,80.3622,1.4918,2816,81.7636,1.6966,81.8065,1.7048,3885
Steelworks,16707,6858,5613,6664,1809,702,81.3211,1.5663,81.3625,1.5791,82.6423,1.5937,80.9666,1.5345,81.8024,1.6112,5577,5422,1495,396,576,586.0965,585.5207,590.1056,589.2638,588.7023,0.7362,0.7635,0.1674,0.1053,0.3881,360,510,191,8.65,34.24,1.03,22.42,4.26,5.72,-0.28,9.6,80.9666,1.5345,80.9816,1.5337,488,81.8024,1.6112,82.0513,1.6325,701
Strip Mine,16707,6408,5252,6223,3258,2325,81.1017,1.6064,81.1506,1.6113,81.7986,1.6771,79.7054,1.5133,82.0538,1.7672,5197,5050,2665,1174,1910,583.2903,582.3842,583.3011,575.0346,581.5419,0.874,0.8927,0.4093,0.3736,0.7136,1290,1831,494,4.41,17.37,-27.82,24.41,7.48,14.06,-2.63,25.06,79.7054,1.5133,79.5393,1.5102,1475,82.0538,1.7672,82.1505,1.7871,2325
Subterranean Reservoir,16707,6916,5666,6707,3827,3121,81.0729,1.5039,81.1391,1.5274,80.7682,1.5278,79.3946,1.2661,80.4836,1.5045,5607,5442,3091,1561,2511,584.9277,584.1311,583.8795,578.5822,583.7148,0.9162,0.9278,0.5843,0.4653,0.8155,1805,2390,731,4.18,-3.24,-33.83,-9.5,-0.91,-0.87,-29.79,-3.41,79.3946,1.2661,79.2386,1.2386,1969,80.4836,1.5045,80.455,1.5024,3120
Symbiotic Fungus,16707,6861,5644,6641,2080,1306,81.7374,1.6861,81.6142,1.6454,83.75,1.774,84.0057,1.962,84.2536,1.9451,5608,5420,1742,716,1107,585.3406,584.6406,589.1216,591.9195,591.4173,0.8272,0.8281,0.4764,0.1967,0.6279,699,742,564,13.68,56.4,76.07,76.65,10.89,23.75,52.62,47.12,84.0057,1.962,84.7337,2.0627,845,84.2536,1.9451,84.7626,2.0077,1306
Tardigrades,16707,7060,5793,6866,1801,1006,81.0198,1.5334,81.0516,1.5569,82.0655,1.8523,81.4185,1.8276,81.6633,1.7913,5720,5565,1478,404,823,585.0095,583.7485,580.2848,573.9091,577.6789,0.8222,0.8494,0.4044,0.1465,0.5586,407,530,476,2.43,22.71,13.72,17.58,2.04,31.58,40.9,30.54,81.4185,1.8276,81.6162,1.9455,494,81.6633,1.7913,81.8091,1.8419,1006
Technology Demonstration,16707,6808,5575,6667,5363,5241,81.9183,1.7504,81.9859,1.7669,82.92,1.8777,82.7556,1.8686,82.6109,1.8287,5577,5466,4447,2771,4333,584.4085,583.9243,586.1344,584.2661,586.1231,0.9764,0.9792,0.971,0.7861,0.9773,3265,4001,1240,21.12,39.8,38.69,34.9,23.04,34.12,35.2,30.34,82.7556,1.8686,82.8648,1.8885,3344,82.6109,1.8287,82.6751,1.8399,5240
Tectonic Stress Power,16707,6441,5302,6202,2164,1122,80.5931,1.5563,80.5063,1.5559,82.2551,1.9857,79.8441,1.6683,80.5493,1.8285,5191,4993,1780,627,903,585.156,584.0114,577.3115,570.0584,568.9804,0.769,0.7667,0.3157,0.1809,0.5185,606,746,376,-8.48,26.5,-27.23,-8.98,1.94,44.92,16.53,34.41,79.8441,1.6683,79.5685,1.7018,788,80.5493,1.8285,80.4813,1.8806,1121
Terraforming Ganymede,16707,6079,4975,5927,3239,1314,81.9707,1.6606,82.0145,1.6642,83.1429,1.7962,81.7992,1.6959,79.317,1.4724,4983,4861,2693,1223,1039,584.9844,584.3514,583.2393,578.4508,569.1446,0.5084,0.4956,0.2757,0.2217,0.4057,759,949,365,21.69,44.26,19.71,-37.17,12.77,25.97,18.08,-7.38,81.7992,1.6959,81.9156,1.7173,1493,79.317,1.4724,79.0715,1.4627,1314
Titanium Mine,16707,6755,5572,6568,3626,3088,81.3323,1.7211,81.4099,1.7377,82.731,1.9145,81.1792,1.7611,82.6295,1.9371,5494,5347,2999,1288,2555,583.6206,583.1323,580.4265,570.2926,577.6639,0.966,0.9773,0.6123,0.4702,0.8519,1532,2321,766,9.6,36.02,5.61,36.19,20.12,37.8,25.29,42.66,81.1792,1.7611,81.2106,1.7894,1585,82.6295,1.9371,82.7396,1.9631,3088
Toll Station,16707,6260,5086,6111,1832,848,80.8946,1.5898,80.9197,1.6145,82.6419,1.7751,80.4169,1.5873,80.8073,1.3963,5064,4945,1514,467,685,584.9046,584.1793,578.3974,565.7354,564.4139,0.7096,0.6939,0.347,0.1388,0.4629,413,424,424,-0.21,34.24,-13.79,-3.04,7.8,23.86,6.83,-17.33,80.4169,1.5873,80.2405,1.6048,582,80.8073,1.3963,80.7783,1.3632,848
Towing a Comet,16707,6974,5711,6830,5153,4514,81.7752,1.6868,81.7716,1.6864,82.4568,1.6945,82.165,1.5906,82.8142,1.7869,5703,5585,4249,2497,3742,584.2671,583.9152,586.0629,583.8986,587.1965,0.9226,0.9308,0.7217,0.6609,0.876,2801,3539,975,16.83,30.53,26.33,39.35,14.99,15.8,5.77,26.15,82.165,1.5906,82.2464,1.5942,3035,82.8142,1.7869,82.8977,1.798,4513
Trans-Neptune Probe,16707,6839,5633,6707,4727,4024,81.4593,1.5549,81.4075,1.5369,82.3567,1.6448,81.7564,1.535,81.7438,1.5453,5571,5460,3893,2308,3291,586.7647,586.2131,588.1879,587.0868,588.2348,0.8479,0.8551,0.8415,0.6,0.8513,2392,2904,1120,9.55,28.53,17.7,17.08,0.04,10.83,-0.16,0.92,81.7564,1.535,81.815,1.5349,2820,81.7438,1.5453,81.7843,1.5457,4023
Trees,16707,6957,5688,6857,5243,4209,81.975,1.5934,81.9746,1.6017,82.2621,1.5379,81.6699,1.4329,81.5346,1.3732,5703,5621,4313,2668,3433,584.5852,584.1593,587.8251,585.2417,586.2433,0.8208,0.8206,0.7541,0.6138,0.8028,2680,3148,1061,20.89,26.64,15.7,12.66,6.52,0.14,-10.99,-17.11,81.6699,1.4329,81.7152,1.4266,3264,81.5346,1.3732,81.5633,1.3654,4209
Tropical Resort,16707,6455,5294,6267,1813,789,79.9845,1.42,79.8947,1.4064,81.412,1.6895,78.3396,1.2315,76.7311,0.9843,5163,5007,1476,486,597,584.8178,583.8663,579.1622,572.1675,571.4297,0.6172,0.6178,0.3353,0.1259,0.4352,387,396,393,-20.71,9.64,-68.36,-105.29,-13.01,15.3,-40.25,-69.24,78.3396,1.2315,77.512,1.134,626,76.7311,0.9843,75.6654,0.8441,788
Tundra Farming,16707,6260,5132,6161,2799,1882,80.9904,1.5965,80.9933,1.604,80.9218,1.8031,78.3524,1.481,80.0605,1.8095,5070,4990,2265,1062,1505,583.2633,582.9177,577.0111,570.4949,572.5255,0.7599,0.7615,0.5754,0.3055,0.6724,1035,1111,771,1.26,-0.17,-59.13,-19.24,6.75,26.66,-6.37,30.2,78.3524,1.481,77.9736,1.4728,1361,80.0605,1.8095,79.9681,1.8385,1882
Underground City,16707,6134,5055,5942,2631,1922,80.9423,1.5686,80.8819,1.5611,80.8058,1.5557,80.5356,1.6528,79.6823,1.3601,4965,4806,2126,960,1529,586.0223,585.2072,584.146,584.8407,582.5812,0.8692,0.8746,0.568,0.3235,0.7305,1037,1220,702,-0.96,-2.49,-9.21,-27.55,2.46,1.92,13.58,-19.47,80.5356,1.6528,80.4694,1.6723,1193,79.6823,1.3601,79.5525,1.3418,1922
Underground Detonations,16707,7252,5966,7054,1280,46,80.9156,1.6023,80.8619,1.6039,83.75,2.0141,82.6824,1.7213,82.057,1.7004,5868,5704,1072,73,40,587.2962,586.8368,589.6883,595.9286,626.8696,0.0952,0.1319,0.0286,0.0065,0.0359,8,12,34,-1.36,56.4,119.49,120.53,6.74,47.76,63.02,87.65,82.6824,1.7213,86.9048,2.1667,83,82.057,1.7004,86.9565,2.413,46
Urbanized Area,16707,6161,5051,5958,2607,1532,80.9771,1.6075,80.8828,1.5878,81.3195,1.8105,79.0927,1.6096,80.3037,1.8772,4989,4819,2120,1053,1229,585.7082,584.8667,582.6176,579.7335,579.1508,0.6654,0.6669,0.4911,0.2571,0.5876,889,955,577,-0.95,7.79,-42.25,-14.16,5.13,27.4,8.4,38.52,79.0927,1.6096,78.8174,1.6205,1335,80.3037,1.8772,80.2219,1.9217,1532
Vesta Shipyard,16707,6412,5305,6288,3396,2929,80.7236,1.6106,80.7411,1.628,80.3298,1.5757,78.0948,1.2888,80.0211,1.5044,5176,5077,2728,1172,2342,583.0365,582.2409,578.6525,574.5968,577.4923,0.9523,0.9576,0.709,0.4658,0.8625,1436,2008,921,-3.78,-12.01,-64.23,-19.42,9.15,3.92,-28.05,-3.43,78.0948,1.2888,77.7188,1.256,1508,80.0211,1.5044,79.959,1.5022,2929
Viral Enhancers,16707,6763,5495,6567,5791,5587,82.5225,1.8279,82.7623,1.8795,83.3707,1.9083,83.0946,1.7677,83.3914,1.9052,5581,5435,4828,3078,4664,582.7859,581.841,583.2797,581.7572,583.4811,0.9751,0.9784,0.9183,0.8508,0.9648,3607,4385,1202,36.64,48.81,45.63,50.99,34.3,37.18,24.37,38.19,83.0946,1.7677,83.2117,1.7802,3698,83.3914,1.9052,83.4795,1.9184,5587
Virus,16707,7055,5742,6837,5339,4557,83.0333,1.8183,82.9604,1.7954,83.7985,1.8788,83.4482,1.7071,83.0956,1.7447,5858,5672,4474,2763,3791,584.8636,583.9222,587.746,587.6986,587.397,0.8714,0.8659,0.8148,0.6665,0.8535,2880,3501,1056,40.61,57.37,53.41,45.21,25.89,34.23,18.09,21.73,83.4482,1.7071,83.6006,1.7174,3305,83.0956,1.7447,83.1907,1.7538,4556
Water Import From Europa,16707,6253,5085,6103,3058,1481,80.6813,1.5209,80.6325,1.5196,82.3741,1.7685,80.5768,1.6698,81.5503,1.8033,5045,4921,2519,1104,1209,583.407,582.8571,579.5137,574.9096,572.2586,0.6258,0.617,0.3189,0.2427,0.4843,858,1047,434,-5.95,28.88,-8.1,14.08,-1.69,23.2,15.28,30.28,80.5768,1.6698,80.5252,1.6893,1370,81.5503,1.8033,81.634,1.8393,1481
Water Splitting Plant,16707,6889,5683,6676,1453,293,80.6213,1.4321,80.737,1.4593,82.5189,1.8087,80.4689,1.6044,81.3099,1.686,5554,5390,1199,226,239,586.4172,585.5279,583.5017,572.8546,571.5461,0.5603,0.591,0.085,0.0439,0.2017,158,198,95,-3.86,31.78,-15.77,12.8,-7.72,27.22,11.6,25.19,80.4689,1.6044,80.1418,1.6525,282,81.3099,1.686,81.57,1.7884,292
Wave Power,16707,6352,5194,6127,2020,1236,80.9194,1.6184,80.9858,1.6367,80.9901,1.9,78.3841,1.5308,78.4721,1.4438,5140,4962,1636,611,965,584.603,583.3803,576.4193,571.6883,571.3341,0.7659,0.7689,0.4953,0.2017,0.6119,602,662,574,1.11,1.2,-63.89,-57.11,10.02,36.35,-0.72,-10.77,78.3841,1.5308,77.7354,1.5293,785,78.4721,1.4438,78.0744,1.4288,1236
Windmills,16707,6725,5503,6542,2781,2084,81.2193,1.499,81.2443,1.5141,81.3017,1.5883,80.0036,1.3199,79.9851,1.455,5462,5315,2261,1207,1665,585.9746,585.0185,592.9227,600.1085,593.6344,0.8087,0.8109,0.6708,0.3186,0.7494,1222,1265,819,6.28,7.43,-20.98,-20.71,-2.24,5.18,-24.53,-8.93,80.0036,1.3199,79.8809,1.2912,1510,79.9851,1.455,79.8944,1.4472,2084
Worms,16707,6744,5506,6564,1830,886,81.1833,1.5979,81.2919,1.6284,83.9344,2.1153,81.5681,1.7673,83.5041,2.0545,5475,5336,1536,507,745,585.1925,584.6941,584.2492,575.9548,572.3939,0.7371,0.7298,0.3508,0.135,0.4842,457,470,416,7.24,60.09,16.88,63.11,9.19,57.88,30.54,63.51,81.5681,1.7673,81.7742,1.8419,619,83.5041,2.0545,84.0858,2.1716,885
Zeppelins,16707,6385,5270,6174,1685,666,80.0,1.4857,79.9968,1.5006,81.1869,1.6955,80.2445,1.5232,82.7783,2.0569,5108,4939,1368,383,555,586.6479,585.556,579.0795,566.9979,572.6697,0.618,0.6154,0.3039,0.1079,0.3953,296,304,362,-18.67,5.14,-19.44,48.06,-3.59,15.9,-1.88,67.67,80.2445,1.5232,79.9582,1.5177,479,82.7783,2.0569,83.3333,2.2132,666
