card_name,total_games_analyzed,total_games_with_card,draw_ai_central,draw_business_contacts_keep,draw_business_network_buy,draw_convoy_from_europa,draw_development_center,draw_draft_buy,draw_invention_contest_keep,draw_inventors_guild_buy,draw_inventrix,draw_lagrange_observatory,draw_large_convoy,draw_mars_university,draw_martian_survey,draw_olympus_conference,draw_placement,draw_placement_23_Ascraeus,draw_placement_58,draw_placement_61,draw_placement_68,draw_placement_82,draw_point_luna,draw_prelude_biolabs,draw_prelude_io_research_outpost,draw_prelude_research_network,draw_prelude_unmi_contractor,draw_research,draw_restricted_area,draw_reveal_plant_tag,draw_reveal_space_tag,draw_sf_memorial,draw_start,draw_technology_demonstration,business_contacts_draw,business_network_draw,draft_1,draft_2,draft_3,draft_4,invention_contest_draw,inventors_guild_draw,research_draft_drafted,research_draft_not_drafted,reveal_microbe,reveal_plant,reveal_space,starting_hand,other,other_activate,other_activation_effect,other_add_animal,other_add_microbe,other_add_science,other_copy_production_box,other_immediate_effect,other_move_resource,other_opponent_play,other_place_card,other_place_city,other_place_gain,other_place_lava_and_ocean,other_remove_animal,other_remove_microbe,other_remove_science,other_scoring,other_takeback_buy,other_takeback_draft,other_takeback_start,other_takeback_undo,other_triggered_effect
Acquired Company,6049,2417,66,10,13,5,37,394,7,10,4,3,17,63,4,29,0,10,6,7,8,35,17,3,0,7,1,18,44,0,0,4,296,27,30,50,147,181,227,252,31,45,374,658,9,54,22,299,0,0,0,0,0,0,0,88,0,0,0,0,0,0,0,0,0,0,6,11,17,0,0
Adaptation Technology,6049,2294,85,8,14,10,37,492,5,12,4,7,12,46,8,14,0,7,14,4,7,29,18,4,4,9,4,20,42,0,0,4,84,16,32,40,138,268,379,229,20,46,517,558,14,52,29,278,0,0,0,0,0,0,0,243,0,1,0,0,0,0,0,0,0,0,5,7,3,0,0
Adapted Lichen,6049,2252,70,5,4,7,40,301,5,5,3,8,16,58,5,24,0,12,5,18,6,35,26,4,0,4,1,17,49,47,0,5,126,19,27,36,61,161,307,348,27,33,368,617,9,0,22,286,0,0,0,0,0,0,0,131,0,0,0,0,0,0,0,0,0,0,2,10,4,0,0
Advanced Alloys,6049,2189,65,39,45,5,42,806,11,37,3,8,11,42,9,30,0,9,7,8,10,32,12,4,1,8,4,13,44,0,0,6,283,19,46,56,691,185,67,28,29,46,758,262,15,60,29,290,0,0,0,0,0,0,0,320,0,1,0,0,0,0,0,0,0,0,10,8,18,0,0
Advanced Ecosystems,6049,2489,77,38,47,7,44,1259,29,34,4,11,22,62,8,19,0,12,3,3,9,28,17,2,0,6,1,12,58,41,0,10,249,16,40,48,513,464,226,103,39,36,739,259,10,0,30,292,0,0,0,0,0,0,0,0,0,0,0,0,0,0,0,0,0,0,9,11,6,0,0
Aerobraked Ammonia Asteroid,6049,2304,64,2,2,3,36,115,1,4,2,8,17,45,8,23,0,9,9,5,1,31,23,2,1,3,4,17,46,0,31,9,39,13,41,41,28,86,263,535,29,40,291,737,12,45,0,296,0,0,0,0,0,0,0,124,0,1,0,0,0,0,0,0,0,0,1,5,5,0,0
AI Central,6049,2041,0,29,36,11,32,919,18,36,6,6,10,52,9,29,0,9,5,4,6,37,24,2,0,4,3,12,33,0,0,4,298,21,32,44,850,168,31,24,26,39,881,131,13,45,22,304,0,7429,0,0,0,0,0,493,0,1,0,0,0,0,0,0,0,0,9,10,14,0,0
Algae,6049,2569,78,28,41,4,48,1138,15,33,5,8,19,49,5,18,0,12,9,5,8,29,18,1,0,3,2,16,57,60,0,5,292,18,39,46,410,437,273,128,30,37,683,364,15,0,22,303,0,0,0,0,0,0,0,556,0,0,0,0,0,0,0,0,0,0,19,16,11,0,0
Anti-Gravity Technology,6049,2275,66,26,43,11,34,1026,16,28,3,9,11,48,7,21,0,7,10,11,5,30,15,1,1,4,0,15,39,0,0,5,248,19,32,45,836,280,77,48,23,33,913,195,8,55,23,259,0,0,0,0,0,0,0,0,0,0,0,0,0,0,0,0,0,0,14,7,6,0,0
Ants,6049,2482,52,10,10,8,41,335,3,9,3,15,11,58,3,26,0,8,8,7,8,25,14,5,2,6,2,16,47,0,0,4,56,12,30,47,124,262,365,472,30,36,489,588,16,51,24,292,0,1086,0,0,1597,0,0,0,4,0,0,0,0,0,0,57,0,251,6,7,4,0,0
Aquifer Pumping,6049,2418,49,0,2,5,41,95,1,2,5,5,10,46,5,26,0,4,9,6,9,33,20,2,0,3,5,25,62,0,0,4,44,19,28,45,39,66,197,623,28,36,236,815,8,64,32,262,0,596,14,0,0,0,0,0,0,0,0,0,0,0,0,0,0,0,0,6,0,0,0
Archaebacteria,6049,2601,79,8,12,4,34,408,7,11,4,7,7,64,10,23,0,6,7,10,5,32,19,3,1,3,1,15,47,0,0,6,232,16,41,63,85,117,267,525,36,38,352,713,13,43,25,257,0,0,0,0,0,0,0,88,0,0,0,0,0,0,0,0,0,0,8,6,15,0,0
Arctic Algae,6049,2528,64,17,26,3,42,799,15,17,5,12,16,53,3,33,0,11,7,9,8,25,17,2,0,8,0,24,59,55,0,3,295,9,35,42,490,225,131,305,25,40,621,435,14,0,23,297,0,0,0,0,0,0,0,202,0,0,0,0,0,0,0,0,0,0,12,12,10,0,14519
Artificial Lake,6049,2415,67,15,18,4,23,447,4,15,2,12,15,60,8,25,0,9,8,10,4,29,19,6,0,5,4,15,56,0,0,6,12,26,34,47,123,177,395,498,21,40,518,571,7,52,25,272,0,0,0,0,0,0,0,0,0,0,0,0,0,0,0,0,0,0,5,9,1,0,0
Artificial Photosynthesis,6049,2471,63,18,19,7,35,610,12,9,3,5,14,63,9,26,0,14,7,6,11,38,18,3,0,4,2,17,40,0,0,3,249,21,33,44,183,346,362,171,35,40,545,508,15,52,25,287,0,0,0,0,0,0,0,567,0,0,0,0,0,0,0,0,0,0,11,13,13,0,0
Asteroid,6049,2423,61,21,36,14,31,1155,16,48,2,6,15,52,5,29,0,8,6,11,8,22,19,0,1,5,1,13,42,0,30,3,262,13,26,44,481,441,208,104,31,51,689,316,7,55,0,266,0,0,0,0,0,0,0,1830,0,0,0,0,0,0,0,0,0,0,24,10,11,0,0
Asteroid Mining,6049,2241,68,19,17,9,41,440,12,17,2,4,7,49,8,36,0,15,6,7,6,33,28,2,1,6,5,16,45,0,22,5,220,21,41,42,374,200,150,99,27,44,524,536,11,55,0,272,0,0,0,0,0,0,0,215,0,2,0,0,0,0,0,0,0,0,5,12,11,0,0
Asteroid Mining Consortium,6049,2266,67,23,28,6,39,615,5,28,5,11,10,51,6,30,1,10,8,9,4,30,19,7,2,7,3,11,55,0,0,4,244,11,33,44,465,195,120,116,22,56,585,461,15,63,26,281,0,0,0,0,0,0,0,745,0,1,0,0,0,0,0,0,0,0,5,13,14,0,0
Beam From a Thorium Asteroid,6049,2250,81,7,10,8,45,274,1,3,2,3,14,47,8,21,0,12,8,8,8,34,24,3,1,6,3,12,57,0,27,8,129,14,26,43,170,199,247,246,22,36,417,612,16,50,0,293,0,0,0,0,0,0,0,141,0,0,0,0,0,0,0,0,0,0,3,12,7,0,0
Big Asteroid,6049,2474,70,41,41,11,27,1186,15,37,5,10,9,62,1,21,0,7,9,11,9,39,20,3,2,7,4,14,40,0,24,7,266,24,47,48,758,360,118,63,26,44,876,250,15,43,0,268,0,0,0,0,0,0,0,1758,0,0,0,0,0,0,0,0,0,0,13,9,9,0,0
Biomass Combustors,6049,2421,77,12,23,5,40,498,6,12,4,8,13,63,5,30,0,12,8,10,6,29,23,3,2,5,1,17,41,0,0,5,81,17,40,45,107,186,395,414,30,36,502,593,5,37,29,266,0,0,0,0,0,0,39,352,0,0,0,0,0,0,0,0,0,0,7,8,4,0,0
Birds,6049,2449,66,34,39,4,48,1069,7,41,4,10,20,55,9,29,0,12,7,8,5,32,17,1,0,8,2,15,54,0,0,6,205,16,46,46,359,348,318,194,18,47,677,353,13,55,19,281,0,2274,0,1242,0,0,0,570,113,1,0,0,0,0,181,0,0,895,11,12,9,0,0
Black Polar Dust,6049,2526,71,8,6,6,39,338,11,3,3,6,11,60,6,32,0,13,3,8,5,24,19,3,0,7,4,17,45,0,0,8,136,24,30,36,70,183,338,470,30,37,406,685,12,58,29,259,0,0,0,0,0,0,0,0,0,0,0,0,0,0,0,0,0,0,6,15,6,0,0
Breathing Filters,6049,2298,60,10,15,7,45,579,5,29,2,5,12,48,8,27,0,8,5,5,10,37,19,2,0,3,1,19,51,0,0,8,30,17,23,35,125,228,380,335,20,42,505,605,9,49,19,293,0,0,0,0,0,0,0,0,0,0,0,0,0,0,0,0,0,0,7,6,0,0,0
Bribed Committee,6049,2531,55,11,9,2,41,429,5,6,5,9,6,48,8,13,0,15,13,11,8,24,17,1,0,5,0,20,45,0,0,4,246,13,40,34,79,177,333,427,26,36,412,674,6,58,31,294,0,0,0,0,0,0,0,197,0,1,0,0,0,0,0,0,0,0,4,11,9,0,0
Building Industries,6049,2465,76,17,15,4,36,572,6,21,3,9,15,63,10,16,0,7,7,12,5,41,24,5,1,3,3,19,63,0,0,3,247,15,41,31,179,240,294,256,38,47,473,556,9,63,24,270,0,0,0,0,0,0,7,23,0,0,0,0,0,0,0,0,0,0,8,4,12,0,0
Bushes,6049,2542,89,31,27,8,31,1110,11,44,0,8,16,69,9,27,0,8,13,8,10,31,16,2,1,7,3,13,43,54,0,4,284,19,44,29,388,419,255,143,25,51,643,384,7,0,25,306,0,0,0,0,0,0,0,658,0,0,0,0,0,0,0,0,0,0,22,16,8,0,0
Business Contacts,6049,2442,85,0,35,13,31,1149,21,38,4,9,17,48,3,23,0,13,9,14,6,33,13,1,1,5,3,20,47,0,0,4,268,13,0,36,541,416,200,74,34,39,741,332,9,57,21,276,0,0,0,0,0,0,0,0,0,0,0,0,0,0,0,0,0,0,8,13,10,0,0
Business Network,6049,2391,68,23,0,7,38,912,15,23,2,4,15,50,7,22,0,6,5,15,17,31,24,3,1,5,3,19,47,0,0,8,251,13,30,0,379,386,261,142,30,41,640,377,13,44,27,258,0,9338,0,0,0,0,0,124,0,0,0,0,0,0,0,0,0,0,12,7,5,0,0
Callisto Penal Mines,6049,2248,68,12,19,10,29,361,5,14,2,8,13,51,5,26,0,2,11,6,8,32,28,5,1,3,5,18,61,0,25,7,109,18,32,56,217,214,212,181,29,46,429,630,12,68,0,290,0,0,0,0,0,0,0,157,0,0,0,0,0,0,0,0,0,0,3,13,4,0,0
Capital,6049,2218,53,16,25,7,49,522,6,25,5,6,16,62,6,24,0,13,9,11,13,37,11,3,2,8,4,12,57,0,0,4,66,13,35,44,243,250,258,177,17,45,500,551,14,66,29,252,0,0,0,0,0,0,4,99,0,0,795,0,276,0,0,0,0,686,5,10,5,0,0
Carbonate Processing,6049,2430,70,7,12,10,47,320,4,4,4,6,12,48,5,14,0,7,9,3,7,32,21,5,0,5,1,13,48,0,0,6,182,21,27,52,63,151,324,420,25,32,387,687,10,43,20,294,0,0,0,0,0,0,2,8,0,0,0,0,0,0,0,0,0,0,2,5,3,0,0
Caretaker Contract,6049,2496,60,6,8,9,47,92,4,6,5,7,10,60,8,23,0,10,11,5,9,24,13,5,0,6,2,10,49,0,0,3,0,21,36,37,15,53,163,797,26,47,178,825,10,55,36,286,0,182,0,0,0,0,0,0,0,0,0,0,0,0,0,0,0,0,0,5,0,0,0
Cartel,6049,2312,86,21,31,5,34,567,9,27,5,8,16,60,6,23,0,14,8,7,7,39,13,5,0,7,3,17,57,0,0,3,205,21,32,46,286,277,216,158,25,45,502,502,6,48,22,273,0,0,0,0,0,0,0,117,0,0,0,0,0,0,0,0,0,0,1,15,13,0,0
CEO's Favourite Project,6049,2387,61,15,25,10,39,619,8,28,3,7,11,62,8,19,0,11,14,11,3,35,18,4,1,14,3,13,40,0,0,9,23,17,31,46,94,207,394,457,23,45,488,559,10,62,23,271,0,0,0,0,0,0,0,0,0,0,0,0,0,0,0,0,0,0,6,6,1,0,0
Cloud Seeding,6049,2250,57,6,3,8,35,224,2,3,1,8,8,54,8,28,0,11,10,13,11,36,14,5,0,7,3,16,55,0,0,7,39,17,30,30,71,139,327,380,40,36,398,659,14,51,21,248,0,0,0,0,0,0,0,387,0,0,0,0,0,0,0,0,0,0,6,10,2,0,0
Colonizer Training Camp,6049,2384,68,7,10,5,35,406,3,15,8,4,17,58,6,34,0,8,5,5,2,26,22,1,2,5,1,9,48,0,0,5,135,23,34,32,146,187,223,401,21,39,369,679,9,49,33,306,0,0,0,0,0,0,0,0,0,0,0,0,0,0,0,0,0,0,5,4,5,0,0
Comet,6049,2525,71,39,41,6,38,1090,21,39,4,8,14,53,10,31,0,13,7,6,14,31,24,5,1,8,3,11,57,0,27,9,277,18,44,48,588,372,175,94,35,47,763,327,9,39,0,277,0,0,0,0,0,0,0,587,0,0,0,0,0,0,0,0,0,0,10,5,12,0,0
Commercial District,6049,2323,64,18,21,6,38,654,15,31,2,1,13,67,8,30,0,10,10,14,10,34,19,3,0,4,2,16,48,0,0,1,197,18,33,34,281,312,258,121,32,48,539,480,6,74,29,303,0,0,0,0,0,0,12,110,0,0,1118,0,30,0,0,0,0,774,5,9,1,0,0
Convoy From Europa,6049,2394,52,26,29,0,39,850,15,24,4,6,12,58,6,28,0,11,8,1,5,39,15,4,0,5,2,15,51,0,29,9,254,13,48,35,316,346,270,115,37,32,586,462,14,54,0,266,0,0,0,0,0,0,0,0,0,0,0,0,0,0,0,0,0,0,15,10,12,0,0
Corporate Stronghold,6049,2322,72,9,10,7,44,379,6,9,1,6,10,70,3,24,0,10,14,12,5,27,24,3,0,3,4,17,65,0,0,6,90,11,33,36,120,191,349,332,23,40,469,592,11,40,27,271,0,0,0,0,0,0,0,1,0,0,0,0,0,0,0,0,0,0,5,11,4,0,0
Cupola City,6049,2357,68,16,24,3,40,738,10,19,5,8,12,56,4,27,0,6,11,7,9,39,19,4,0,6,3,12,47,0,0,3,247,13,37,39,354,292,183,174,29,34,537,466,9,61,31,282,0,0,0,0,0,0,3,2,0,1,0,0,0,0,0,0,0,0,8,11,12,0,0
Decomposers,6049,2587,67,26,36,9,40,1248,15,36,4,4,15,55,11,24,0,6,3,6,6,21,26,3,0,6,0,10,55,0,0,6,249,10,33,39,337,497,370,156,37,42,707,328,9,74,29,273,0,0,0,0,11965,0,0,0,19,0,0,0,0,0,0,348,0,1013,16,9,7,0,11358
Deep Well Heating,6049,2415,80,18,16,8,37,558,5,13,8,5,16,54,7,25,0,11,10,8,15,32,21,1,0,3,5,11,46,0,0,4,163,13,42,52,122,254,397,228,23,38,519,593,7,58,18,280,0,0,0,0,0,0,1,1,0,0,0,0,0,0,0,0,0,0,6,9,6,0,0
Deimos Down,6049,2327,79,35,40,5,42,1143,28,46,4,7,12,48,11,25,0,16,10,4,11,37,15,1,3,3,3,14,36,0,27,6,267,21,41,47,816,292,69,50,37,53,885,148,8,59,0,267,0,0,0,0,0,0,0,1689,0,0,0,0,0,0,0,0,0,0,10,5,7,0,0
Designed Microorganisms,6049,2537,64,6,10,7,44,394,4,15,6,7,16,63,5,23,0,9,4,9,6,33,25,2,1,12,5,21,59,0,0,9,254,20,28,41,172,172,184,375,27,47,356,688,18,54,27,305,0,0,0,0,0,0,0,140,0,1,0,0,0,0,0,0,0,0,2,14,9,0,0
Development Center,6049,2396,82,25,34,9,0,977,21,27,2,6,15,47,9,32,0,14,6,10,5,34,19,7,0,7,4,10,38,0,0,4,265,23,35,49,576,378,157,88,30,35,733,323,10,42,25,276,0,8467,0,0,0,0,0,0,0,0,0,0,0,0,0,0,0,0,19,5,9,0,0
Domed Crater,6049,2442,76,19,11,13,50,612,11,18,2,9,15,49,6,25,0,20,12,13,13,28,19,2,1,9,7,11,42,0,0,6,236,14,32,38,305,243,181,238,28,47,486,553,14,53,31,283,0,0,0,0,0,0,3,834,0,1,0,0,0,0,0,0,0,0,6,9,12,0,0
Dust Seals,6049,2621,74,5,3,8,36,151,0,2,2,13,13,61,14,27,0,11,10,5,8,31,22,4,0,6,3,12,56,0,0,4,34,19,41,50,5,28,166,816,33,41,171,882,11,54,21,286,0,0,0,0,0,0,0,0,0,0,0,0,0,0,0,0,0,0,2,2,0,0,0
Earth Catapult,6049,2146,67,25,41,3,25,1004,23,30,3,5,4,61,7,29,0,7,12,6,8,27,20,1,0,9,2,12,38,0,0,3,273,20,29,46,904,163,34,29,26,37,938,154,8,49,25,273,0,0,0,0,0,0,0,0,0,0,0,0,0,0,0,0,0,0,9,4,9,0,0
Earth Office,6049,2495,73,30,33,9,51,989,14,49,3,8,14,65,6,28,0,8,8,7,6,38,12,2,0,4,2,18,46,0,0,5,297,10,37,36,317,384,260,162,20,55,577,411,12,45,36,300,0,0,0,0,0,0,0,0,0,0,0,0,0,0,0,0,0,0,6,7,12,0,0
Ecological Zone,6049,2462,64,27,42,13,38,1307,22,38,2,6,11,56,9,30,0,10,7,7,9,37,10,6,2,8,3,12,48,65,0,7,271,25,30,45,746,420,112,57,28,39,858,198,14,0,17,273,0,0,0,11635,0,0,0,0,31,0,2104,0,20,0,277,0,0,1233,13,12,11,0,9576
Electro Catapult,6049,2427,69,16,15,7,35,556,13,21,6,10,16,59,9,25,0,13,11,9,11,38,22,3,2,4,2,17,45,0,0,8,273,19,34,32,339,221,164,216,31,44,503,547,11,54,22,293,0,7455,2828,0,0,0,0,69,0,0,0,0,0,0,0,0,0,0,4,7,17,0,0
Energy Saving,6049,2373,57,6,5,11,36,68,3,6,1,5,17,56,12,39,0,7,3,8,8,25,20,8,2,6,1,22,63,0,0,2,1,24,36,41,17,63,252,578,24,43,269,786,16,57,27,292,0,0,0,0,0,0,0,0,0,0,0,0,0,0,0,0,0,0,4,4,0,0,0
Energy Tapping,6049,2590,77,9,20,7,37,589,3,11,3,8,19,60,4,26,0,10,10,12,3,26,23,4,1,5,4,9,52,0,0,9,249,18,30,53,130,270,402,363,19,34,532,537,10,36,31,274,0,0,0,0,0,0,0,453,0,1,0,0,0,0,0,0,0,0,1,9,8,0,0
Eos Chasma National Park,6049,2283,55,18,34,6,32,807,15,18,5,9,8,52,7,28,0,16,15,7,3,36,20,7,0,7,5,21,67,69,0,5,67,19,30,52,206,277,342,242,32,35,548,465,8,0,28,292,0,0,0,0,0,0,2,659,0,0,0,0,0,0,0,0,0,0,5,8,2,0,0
Equatorial Magnetizer,6049,2461,63,3,5,9,40,142,1,2,3,10,11,46,6,23,0,10,7,10,5,31,18,2,0,5,1,18,47,0,0,5,2,15,30,44,29,80,284,692,24,24,313,774,16,49,28,248,0,588,0,0,0,0,0,0,0,0,0,0,0,0,0,0,0,0,0,6,0,0,0
Extreme-Cold Fungus,6049,2444,63,3,4,9,40,183,0,3,6,8,22,69,7,30,0,8,17,10,3,20,19,2,6,3,1,11,43,0,0,2,44,24,35,52,50,132,274,528,27,41,324,748,7,54,29,272,0,1544,208,0,0,0,0,0,0,0,0,0,0,0,0,0,0,0,3,6,2,0,0
Farming,6049,2362,62,17,30,12,36,864,14,24,1,8,10,44,6,35,0,11,4,2,11,42,16,2,1,6,6,15,49,39,0,5,135,18,35,45,223,281,369,270,33,36,592,459,8,0,27,293,0,0,0,0,0,0,0,479,0,1,0,0,0,0,0,0,0,0,7,8,6,0,0
Fish,6049,2428,60,31,26,7,34,1117,13,36,7,9,15,52,2,25,0,3,6,3,7,26,23,5,0,6,4,8,55,0,0,4,197,19,43,28,299,376,331,220,23,43,630,389,11,54,34,299,0,2649,0,1304,0,0,0,585,101,1,0,0,0,0,124,0,0,962,17,12,6,0,0
Flooding,6049,2623,62,18,32,3,51,797,8,27,3,12,20,56,5,25,0,12,6,14,19,28,24,2,1,5,4,14,46,0,0,5,276,21,37,54,177,332,354,320,29,38,531,463,12,60,33,296,0,0,0,0,0,0,0,0,0,0,0,0,0,0,0,0,0,0,8,12,11,0,0
Food Factory,6049,2268,67,5,5,6,46,162,2,3,2,10,20,62,8,20,0,5,8,12,8,30,17,1,0,5,3,10,52,0,0,8,25,17,44,46,35,99,270,452,19,33,305,734,10,58,26,298,0,0,0,0,0,0,1,31,0,0,0,0,0,0,0,0,0,0,1,3,2,0,0
Fueled Generators,6049,2605,79,11,15,9,44,488,4,10,5,7,14,50,5,30,0,7,4,7,10,46,18,3,1,6,1,7,57,0,0,4,213,15,37,54,66,199,452,420,28,54,518,561,14,48,31,274,0,0,0,0,0,0,0,1,0,0,0,0,0,0,0,0,0,0,6,17,12,0,0
Fuel Factory,6049,2438,67,10,14,6,44,402,7,15,5,9,21,47,10,29,0,15,11,10,6,30,24,4,1,7,3,15,53,0,0,7,282,20,29,41,132,178,281,234,29,38,413,671,10,48,21,320,0,0,0,0,0,0,5,12,0,2,0,0,0,0,0,0,0,0,4,8,12,0,0
Fusion Power,6049,2333,72,21,11,6,44,443,6,8,3,9,9,59,10,24,0,12,7,12,9,23,32,1,1,7,2,12,48,0,0,6,105,24,42,41,119,227,367,273,23,44,486,591,5,41,23,273,0,0,0,0,0,0,14,155,0,0,0,0,0,0,0,0,0,0,5,9,5,0,0
Ganymede Colony,6049,2199,72,21,21,4,43,550,11,19,3,7,12,61,7,23,0,11,11,6,10,29,22,4,1,5,1,12,48,0,27,4,160,20,31,46,529,234,140,70,28,39,669,413,9,57,0,293,0,0,0,0,0,0,0,0,0,1,0,633,0,0,0,0,0,695,6,8,9,0,0
Gene Repair,6049,2294,84,33,33,8,42,780,9,31,4,9,4,50,2,17,0,10,6,7,5,40,18,3,1,11,1,15,42,0,0,4,126,21,40,42,301,322,261,113,25,42,562,533,14,50,22,269,0,0,0,0,0,0,0,435,0,0,0,0,0,0,0,0,0,0,10,8,6,0,0
Geothermal Power,6049,2439,69,11,7,5,49,423,4,9,5,6,13,55,12,24,0,11,10,11,9,30,16,5,1,4,2,9,50,0,0,7,219,12,39,48,107,215,356,277,28,48,463,616,9,37,25,267,0,0,0,0,0,0,11,13,0,1,0,0,0,0,0,0,0,0,7,13,12,0,0
GHG Factories,6049,2505,74,7,2,5,51,380,4,12,4,9,8,62,8,24,0,12,11,6,5,27,19,10,0,6,5,17,45,0,0,4,239,17,25,47,98,193,328,391,27,43,426,596,10,49,31,303,0,0,0,0,0,0,12,16,0,1,0,0,0,0,0,0,0,0,2,9,20,0,0
GHG Producing Bacteria,6049,2450,66,10,11,5,34,535,7,15,9,9,11,59,7,18,0,9,11,8,5,29,17,2,1,3,3,20,38,0,0,5,94,13,27,47,105,228,422,434,28,41,526,562,9,50,23,272,0,2948,0,0,849,0,0,0,9,0,0,0,0,0,0,1246,0,0,7,10,1,0,0
Giant Ice Asteroid,6049,2318,83,31,36,8,39,1137,22,39,4,4,14,58,10,29,0,11,14,11,7,27,21,3,2,7,2,17,51,0,22,7,262,20,34,42,903,265,40,45,31,55,943,123,4,43,0,262,0,0,0,0,0,0,0,574,0,0,0,0,0,0,0,0,0,0,16,9,18,0,0
Giant Space Mirror,6049,2389,57,8,9,1,36,264,7,7,2,11,14,54,2,31,0,7,7,8,3,23,20,5,1,7,3,16,39,0,23,9,172,14,39,53,80,183,353,327,37,51,433,635,13,53,0,267,0,0,0,0,0,0,0,0,0,0,0,0,0,0,0,0,0,0,4,8,10,0,0
Grass,6049,2459,70,21,30,3,47,927,13,28,2,10,8,61,10,33,0,14,9,7,2,24,17,1,2,9,3,17,48,66,0,4,201,15,27,42,241,370,340,168,27,37,580,492,8,0,25,263,0,0,0,0,0,0,0,498,0,0,0,0,0,0,0,0,0,0,9,8,9,0,0
Great Dam,6049,2326,54,11,10,7,34,405,5,15,4,7,11,60,9,23,0,13,10,10,12,33,26,4,0,3,3,10,54,0,0,8,71,29,32,46,74,207,406,327,29,39,480,595,8,49,19,262,0,0,0,0,0,0,3,60,0,0,0,0,0,0,0,0,0,0,5,11,3,1,0
Great Escarpment Consortium,6049,2369,57,11,17,10,33,331,10,21,8,15,15,63,8,21,0,7,16,8,7,30,24,2,1,6,5,17,38,0,0,5,166,18,32,53,153,169,238,327,27,49,391,647,10,56,28,274,0,0,0,0,0,0,0,592,0,0,0,0,0,0,0,0,0,0,3,7,14,0,0
Greenhouses,6049,2517,73,22,39,4,35,1155,13,30,0,12,8,53,9,28,0,10,3,10,10,31,13,4,3,4,4,15,49,59,0,4,238,14,29,39,341,402,331,163,30,31,672,420,6,0,32,288,0,0,0,0,0,0,0,613,0,1,0,0,0,0,0,0,0,0,11,8,9,0,0
Hackers,6049,2381,70,7,9,4,34,171,1,4,4,7,16,50,7,26,0,5,10,4,12,27,22,6,2,5,2,9,53,0,0,4,142,22,44,55,39,87,219,441,22,35,258,797,15,58,26,289,0,0,0,0,0,0,0,415,0,0,0,0,0,0,0,0,0,0,1,11,3,0,0
Heather,6049,2486,68,23,40,12,38,981,7,23,1,8,12,36,10,28,0,10,8,4,9,29,27,1,0,3,1,15,47,64,0,5,196,20,39,52,211,342,385,207,29,33,596,497,15,0,24,255,0,0,0,0,0,0,0,522,0,0,0,0,0,0,0,0,0,0,9,8,5,0,0
Heat Trappers,6049,2618,50,13,14,5,48,492,12,11,3,9,15,51,8,19,0,14,14,13,8,35,22,4,0,4,2,17,42,0,0,2,255,12,33,37,213,260,350,396,32,45,563,511,13,50,26,290,0,0,0,0,0,0,65,403,0,0,0,0,0,0,0,0,0,0,7,11,9,0,0
Herbivores,6049,2493,68,20,45,6,44,1161,19,29,3,6,13,51,9,23,0,12,10,4,10,24,16,3,1,5,1,14,48,0,0,2,210,15,32,51,379,395,332,176,29,35,710,369,18,56,24,267,0,0,0,7712,0,0,0,540,24,0,0,0,0,0,181,0,0,342,13,8,9,0,8377
Hired Raiders,6049,2535,81,20,48,8,42,1095,3,46,3,8,11,42,7,20,0,8,7,9,4,40,23,4,4,9,4,12,40,0,0,7,299,14,29,49,191,380,389,164,14,48,580,472,7,49,37,304,0,0,0,0,0,0,0,0,0,0,0,0,0,0,0,0,0,0,12,11,12,0,0
House Printing,6049,2355,63,14,20,6,36,447,5,10,2,9,23,63,10,26,0,12,10,13,8,41,21,2,1,7,0,12,48,0,0,5,163,15,41,45,85,203,351,238,24,33,436,642,15,52,30,275,0,0,0,0,0,0,2,93,0,1,0,0,0,0,0,0,0,0,5,9,6,0,0
Ice Asteroid,6049,2541,65,31,34,5,35,1021,15,26,4,8,12,63,12,30,0,20,8,9,7,30,22,3,0,10,6,17,45,0,22,4,308,14,43,48,557,363,161,133,26,44,718,344,11,52,0,313,0,0,0,0,0,0,0,0,0,0,0,0,0,0,0,0,0,0,10,10,17,0,0
Ice cap Melting,6049,2504,80,12,8,9,35,493,3,15,5,13,10,51,10,29,0,12,8,7,8,24,24,1,0,2,2,22,43,0,0,5,18,20,29,33,93,166,301,646,23,38,394,643,6,52,37,272,0,0,0,0,0,0,0,0,0,0,0,0,0,0,0,0,0,0,7,11,0,0,0
Immigrant City,6049,2192,62,23,34,8,28,805,16,22,1,7,12,36,5,23,0,13,6,3,9,23,20,2,1,2,4,18,40,0,0,4,214,17,31,46,427,274,153,65,27,30,580,491,9,56,25,292,0,0,0,0,0,0,0,972,0,1,0,0,0,0,0,0,0,0,9,16,12,0,9047
Immigration Shuttles,6049,2217,73,11,12,4,52,220,7,6,5,5,8,55,9,25,0,10,7,8,0,28,17,0,1,10,0,17,41,0,23,5,112,18,28,38,133,145,237,269,32,27,370,712,10,53,0,294,0,0,0,0,0,0,0,106,0,2,0,0,0,0,0,0,0,532,2,7,2,0,0
Imported GHG,6049,2420,71,15,28,3,39,685,6,13,3,11,11,49,8,35,0,17,7,11,10,21,14,3,1,12,4,14,50,0,21,6,196,22,34,51,153,284,357,211,27,26,510,564,8,66,0,313,0,0,0,0,0,0,0,488,0,1,0,0,0,0,0,0,0,0,14,9,17,0,0
Imported Hydrogen,6049,2555,59,33,44,10,42,1291,14,43,2,4,13,47,12,22,0,12,13,6,7,26,21,3,1,10,0,19,45,0,33,4,280,25,41,45,660,433,183,72,20,46,843,277,4,58,0,285,0,0,0,0,0,0,0,991,0,0,0,0,0,0,0,0,0,0,17,11,17,0,0
Imported Nitrogen,6049,2483,81,37,48,6,36,1087,19,51,3,6,12,68,5,26,0,6,11,9,5,25,23,0,0,7,0,19,60,0,33,4,243,12,43,50,420,406,256,107,34,54,676,346,12,54,0,292,0,0,0,0,0,0,0,572,0,0,0,0,0,0,0,0,0,0,7,9,11,0,0
Import of Advanced GHG,6049,2415,85,15,26,9,32,537,7,12,1,8,14,47,11,26,0,9,7,9,3,32,17,5,1,4,4,10,45,0,29,4,164,23,38,49,104,244,384,256,26,24,488,629,12,51,0,239,0,0,0,0,0,0,0,378,0,0,0,0,0,0,0,0,0,0,3,7,4,0,0
Indentured Workers,6049,2664,59,26,30,8,43,1150,4,35,5,9,13,46,4,34,0,9,11,8,6,22,13,6,0,4,7,14,41,0,0,1,274,13,43,42,195,366,447,313,22,45,642,458,13,51,19,283,0,0,0,0,0,0,0,0,0,1,0,0,0,0,0,0,0,0,13,10,7,0,0
Industrial Center,6049,2420,65,21,27,7,39,889,8,40,3,5,15,57,5,20,0,8,6,11,5,34,12,4,0,5,2,10,45,0,0,6,211,22,40,40,268,368,309,170,27,51,577,452,15,50,33,284,0,581,8,0,0,0,0,0,0,1,1411,0,24,0,0,0,0,0,12,9,7,0,0
Industrial Microbes,6049,2385,63,18,7,11,34,400,7,7,1,7,19,68,7,34,0,6,7,6,7,33,18,0,1,6,3,20,52,0,0,8,231,22,34,33,118,194,292,226,30,39,410,673,6,49,27,278,0,0,0,0,0,0,15,134,0,1,0,0,0,0,0,0,0,0,5,10,12,0,0
Insects,6049,2453,67,31,44,6,37,1258,22,35,5,2,20,59,6,17,0,7,7,10,6,39,24,2,4,3,3,23,58,0,0,7,268,10,36,47,693,409,155,59,37,42,848,194,5,52,34,286,0,0,0,0,0,0,0,550,0,1,0,0,0,0,0,0,0,0,11,7,8,0,0
Insulation,6049,2372,81,3,6,5,45,131,1,6,0,7,11,58,3,23,0,8,5,6,5,36,21,0,0,12,1,12,57,0,0,6,3,19,34,39,34,63,232,665,19,35,266,753,12,46,17,296,0,0,0,0,0,0,0,94,0,1,0,0,0,0,0,0,0,0,0,3,0,0,0
Interstellar Colony Ship,6049,2254,74,15,34,7,30,717,17,38,0,6,11,69,12,25,0,8,9,5,7,37,33,3,0,7,4,15,34,0,29,5,102,15,24,51,296,286,287,201,35,45,583,418,14,50,0,287,0,0,0,0,0,0,0,0,0,1,0,0,0,0,0,0,0,0,7,9,3,0,0
Invention Contest,6049,2539,79,22,36,7,40,1204,0,41,4,4,15,64,9,27,0,9,10,11,5,34,22,8,1,6,1,19,43,0,0,9,291,18,31,38,413,461,275,83,0,41,688,363,17,55,26,302,0,0,0,0,0,0,0,0,0,0,0,0,0,0,0,0,0,0,12,8,19,0,0
Inventors' Guild,6049,2377,63,28,27,9,47,923,14,0,3,7,13,47,4,18,0,6,9,8,11,28,18,5,5,3,2,8,43,0,0,1,262,17,35,39,522,352,187,88,28,0,709,392,9,64,24,267,0,8783,0,0,0,0,0,0,0,0,0,0,0,0,0,0,0,0,8,14,11,0,0
Investment Loan,6049,2625,65,38,48,7,44,1254,18,37,2,6,20,47,4,31,0,5,8,8,3,46,24,3,0,8,2,19,53,0,0,4,239,21,50,49,276,442,356,197,31,38,632,419,13,52,33,258,0,0,0,0,0,0,0,472,0,0,0,0,0,0,0,0,0,0,11,17,10,0,0
Io Mining Industries,6049,2141,59,14,20,10,32,424,14,14,7,5,22,49,6,29,0,13,12,13,5,27,23,1,4,11,3,11,39,0,22,6,223,18,35,55,483,162,93,106,34,40,576,418,9,56,0,264,0,0,0,0,0,0,0,196,0,0,0,0,0,0,0,0,0,728,9,6,11,0,0
Ironworks,6049,2379,73,1,7,4,35,118,2,8,2,9,20,58,6,24,0,13,10,6,10,28,25,3,0,7,3,10,49,0,0,3,32,17,35,40,30,107,245,608,29,45,275,712,3,58,20,287,0,692,0,0,0,0,0,0,0,0,0,0,0,0,0,0,0,0,3,10,0,0,0
Kelp Farming,6049,2497,65,26,42,6,39,1321,23,41,6,8,16,73,8,25,0,8,11,11,3,26,24,4,0,4,3,25,53,53,0,9,274,22,28,43,793,415,113,39,34,42,906,173,17,0,24,275,0,0,0,0,0,0,0,723,0,1,0,0,0,0,0,0,0,0,17,18,11,0,0
Lagrange Observatory,6049,2427,64,24,41,8,44,914,11,36,5,0,16,56,9,20,0,9,13,8,14,31,18,1,0,5,1,15,52,0,20,4,260,19,34,45,324,383,255,86,24,39,579,482,14,49,0,300,0,0,0,0,0,0,0,0,0,1,0,0,0,0,0,0,0,0,8,18,12,0,0
Lake Marineris,6049,2556,64,20,25,7,28,838,4,19,2,8,11,61,7,29,0,13,9,10,5,34,20,5,1,10,2,12,39,0,0,5,140,23,33,53,248,269,337,458,20,41,585,466,12,59,15,289,0,0,0,0,0,0,0,0,0,0,0,0,0,0,0,0,0,0,9,15,6,0,0
Land Claim,6049,2296,56,18,14,11,36,298,6,16,4,9,10,51,4,23,0,13,11,8,10,23,14,5,1,10,3,15,36,0,0,6,11,23,42,37,49,150,390,432,29,47,439,642,16,46,23,277,0,0,0,0,0,0,0,0,0,0,0,0,0,0,0,0,0,0,3,11,1,0,0
Large Convoy,6049,2325,67,35,39,9,36,1124,23,39,3,6,0,68,3,25,0,10,12,10,10,32,23,1,1,1,2,8,49,0,24,3,258,20,38,40,653,357,115,43,27,42,768,268,12,50,0,267,0,0,0,0,0,0,0,427,0,1,0,0,0,0,0,0,0,0,10,12,9,0,0
Lava Flows,6049,2447,70,17,28,9,34,853,14,17,3,8,19,55,7,26,0,6,7,9,5,32,12,3,0,9,2,15,56,0,0,6,273,14,29,50,341,358,262,162,26,31,603,433,6,52,17,307,0,0,0,0,0,0,0,0,0,0,1281,0,78,44,0,0,0,0,7,13,10,0,0
Lava Tube Settlement,6049,2224,67,13,15,9,43,398,9,18,3,10,11,59,7,30,0,6,8,8,6,33,17,4,3,13,4,12,51,0,0,6,78,25,35,44,147,208,264,208,31,41,410,661,10,46,17,252,0,0,0,0,0,0,0,429,0,1,0,0,0,0,0,0,0,0,2,6,0,0,0
Lichen,6049,2408,80,17,19,8,37,683,6,13,0,7,15,68,12,30,0,9,7,8,8,16,19,0,2,7,4,11,48,44,0,6,216,19,34,54,152,301,371,234,24,36,523,485,8,0,28,286,0,0,0,0,0,0,0,314,0,1,0,0,0,0,0,0,0,0,14,10,12,0,0
Lightning Harvest,6049,2238,83,15,16,4,37,341,3,4,5,8,17,71,4,25,0,12,7,10,6,25,18,2,4,10,7,15,41,0,0,3,44,15,35,42,65,190,358,296,22,34,423,642,8,47,27,284,0,0,0,0,0,0,0,64,0,0,0,0,0,0,0,0,0,0,4,12,3,0,0
Livestock,6049,2360,70,25,22,9,47,567,6,22,1,6,13,52,10,29,0,7,7,10,9,30,18,0,0,2,2,20,52,0,0,5,60,23,43,44,127,238,395,307,18,51,522,552,11,60,32,268,0,1933,0,836,0,0,0,366,49,1,0,0,0,0,144,0,0,568,8,5,0,0,0
Local Heat Trapping,6049,2293,87,23,30,4,43,614,8,28,0,7,17,55,4,24,0,12,4,15,9,42,14,3,1,7,4,20,44,0,0,3,38,21,39,51,134,214,353,339,28,48,487,529,5,52,23,275,0,0,0,0,0,0,0,465,0,0,0,0,0,0,0,0,0,0,4,5,2,0,0
Lunar Beam,6049,2568,71,11,5,7,48,287,6,4,4,7,19,57,13,33,0,8,7,12,19,36,23,0,2,3,2,20,53,0,0,7,200,15,31,37,78,162,333,443,40,38,411,639,17,59,26,299,0,0,0,0,0,0,0,43,0,0,0,0,0,0,0,0,0,0,3,10,14,0,0
Magnetic Field Dome,6049,2351,76,8,4,8,40,152,0,6,2,7,13,60,9,22,0,6,8,10,8,28,16,4,1,5,4,12,51,0,0,1,6,12,27,36,15,67,266,594,27,47,281,773,6,48,37,272,0,0,0,0,0,0,0,0,0,0,0,0,0,0,0,0,0,0,3,6,1,0,0
Magnetic Field Generators,6049,2279,65,10,7,6,44,162,5,4,4,5,8,57,4,29,0,13,11,12,5,37,18,3,0,6,6,18,46,0,0,4,4,17,32,50,44,96,253,495,29,29,297,753,8,53,17,297,0,0,0,0,0,0,0,9,0,0,0,0,0,0,0,0,0,0,3,4,0,0,0
Mangrove,6049,2575,76,17,29,7,36,1278,10,40,3,5,13,49,6,19,0,4,7,11,3,31,21,3,0,9,6,10,34,55,0,6,195,26,25,34,302,413,406,301,32,45,708,340,11,0,31,287,0,0,0,0,0,0,0,0,0,0,0,0,0,0,0,0,0,0,7,5,8,0,0
Mars University,6049,2248,58,36,28,8,38,1250,25,37,1,7,15,0,4,20,0,3,12,10,5,33,12,2,1,5,2,12,48,0,0,4,280,15,35,28,849,362,52,30,27,38,901,151,10,55,15,280,0,0,0,0,0,0,0,0,0,0,0,0,0,0,0,0,0,0,23,5,23,0,10058
Martian Rails,6049,2286,58,4,4,8,34,103,1,3,0,9,9,55,5,31,0,9,9,6,7,37,24,5,1,8,0,19,51,0,0,6,5,20,44,32,26,65,188,543,26,35,214,829,9,53,21,277,0,554,0,0,0,0,0,0,0,0,0,0,0,0,0,0,0,0,1,12,0,0,0
Martian Survey,6049,2567,59,14,19,6,34,441,9,15,5,8,15,48,0,24,0,6,5,7,15,37,16,2,0,4,1,19,49,0,0,5,178,14,38,50,136,181,231,469,29,56,367,740,6,49,26,275,0,0,0,0,0,0,0,0,0,1,0,0,0,0,0,0,0,0,5,7,7,0,0
Mass Converter,6049,2399,70,25,46,6,39,970,20,37,3,3,11,64,4,21,0,15,7,13,5,36,17,0,0,5,2,19,51,0,0,5,249,25,30,52,584,379,124,59,30,41,708,327,11,58,33,269,0,0,0,0,0,0,0,503,0,1,0,0,0,0,0,0,0,0,14,14,9,0,0
Media Archives,6049,2489,76,24,38,9,34,897,11,32,4,12,21,47,11,23,0,18,13,11,6,31,22,1,0,5,2,12,59,0,0,10,129,16,40,44,170,309,408,279,34,37,578,500,7,59,30,291,0,0,0,0,0,0,0,84,0,0,0,0,0,0,0,0,0,0,16,8,2,0,0
Media Group,6049,2527,90,27,34,6,62,1152,31,32,3,7,10,51,4,28,0,17,12,12,8,30,19,6,1,6,3,11,61,0,0,4,278,14,32,37,621,382,167,98,34,37,788,282,9,54,31,283,0,0,0,0,0,0,0,0,0,0,0,0,0,0,0,0,0,0,14,14,11,0,20014
Medical Lab,6049,2309,75,20,33,6,31,888,13,35,1,8,16,49,10,13,0,7,12,10,6,30,13,3,1,7,1,19,38,0,0,2,248,23,25,39,512,323,162,48,24,41,674,411,13,61,22,288,0,0,0,0,0,0,57,537,0,0,0,0,0,0,0,0,0,0,5,8,7,0,0
Methane From Titan,6049,2351,65,22,19,8,34,624,7,17,4,5,16,61,2,27,0,11,13,11,7,29,16,2,2,7,5,20,50,0,27,2,197,21,42,45,363,334,207,128,25,44,570,465,6,50,0,277,0,0,0,0,0,0,0,235,0,0,0,0,0,0,0,0,0,0,5,13,12,0,0
Micro-Mills,6049,2516,71,3,1,6,33,61,2,0,2,3,9,47,5,31,0,9,6,7,6,38,20,5,3,6,4,21,49,0,0,5,26,15,28,37,4,18,183,737,28,51,187,917,14,48,25,246,0,0,0,0,0,0,0,0,0,1,0,0,0,0,0,0,0,0,1,2,2,0,0
Mine,6049,2437,68,22,20,5,44,565,13,14,0,4,11,56,7,21,0,9,4,8,9,36,21,2,3,9,4,10,51,0,0,5,280,19,41,43,132,206,318,263,32,43,450,601,10,42,20,285,0,0,0,0,0,0,2,13,0,1,0,0,0,0,0,0,0,0,5,19,14,0,0
Mineral Deposit,6049,2526,75,30,43,7,36,997,9,38,2,4,16,44,4,25,0,8,8,5,3,25,23,2,1,8,4,19,50,0,0,8,285,27,39,48,213,362,363,173,27,41,576,495,8,43,25,300,0,0,0,0,0,0,0,316,0,0,0,0,0,0,0,0,0,0,22,14,12,0,0
Mining Area,6049,2435,69,30,27,5,44,875,13,29,3,10,12,46,6,30,0,7,6,14,9,33,18,1,0,6,3,16,36,0,0,9,290,14,37,39,322,335,224,150,32,42,546,484,11,49,23,291,0,0,0,0,0,0,5,16,0,0,0,0,0,0,0,0,0,0,8,11,16,0,0
Mining Expedition,6049,2306,93,12,9,15,32,426,8,16,4,4,14,52,4,21,0,11,9,10,11,29,21,3,1,5,3,28,49,0,0,5,60,15,34,41,152,243,346,254,36,38,498,575,12,57,20,267,0,0,0,0,0,0,0,852,0,1,0,0,0,0,0,0,0,0,3,7,1,0,0
Mining Rights,6049,2365,79,32,32,7,30,806,20,23,3,10,14,55,9,24,0,14,11,6,10,31,17,1,1,4,3,22,54,0,0,5,272,17,43,42,409,270,182,128,31,30,591,449,7,57,17,272,0,0,0,0,0,0,12,29,0,0,0,0,0,0,0,0,0,0,8,11,8,0,0
Miranda Resort,6049,2203,60,25,29,3,38,620,14,19,2,9,9,62,11,22,0,7,9,12,4,32,17,2,5,8,1,20,46,0,26,3,166,21,36,38,373,281,179,101,36,31,552,475,9,49,0,277,0,0,0,0,0,0,0,162,0,0,0,0,0,0,0,0,0,0,2,8,13,0,0
Mohole Area,6049,2447,68,9,12,9,41,430,5,9,6,10,8,43,7,30,0,7,8,8,8,33,19,1,1,3,4,17,47,0,0,9,256,23,31,42,189,229,290,254,22,47,479,576,13,56,32,269,0,0,0,0,0,0,42,128,0,1,819,0,23,0,0,0,0,0,4,6,13,0,0
Moss,6049,2448,73,21,31,6,45,779,14,24,1,7,10,54,9,25,0,20,7,7,8,21,22,4,1,6,8,19,37,45,0,4,203,27,36,48,156,283,387,263,31,39,543,499,6,0,32,272,0,0,0,0,0,0,0,385,0,0,0,0,0,0,0,0,0,0,5,7,3,0,0
Natural Preserve,6049,2563,68,11,18,8,41,663,10,18,3,6,15,59,6,29,0,7,7,10,10,37,21,1,1,5,7,8,59,0,0,10,274,16,20,45,339,224,130,366,24,36,469,569,5,72,25,275,0,0,0,0,0,0,2,268,0,0,1178,0,53,0,0,0,0,0,4,7,8,0,0
Nitrite Reducing Bacteria,6049,2359,71,3,3,4,48,126,1,9,2,6,14,48,7,26,0,12,11,9,4,29,19,3,3,7,4,11,60,0,0,4,51,15,34,40,17,99,302,538,26,42,319,709,7,50,27,288,0,1339,422,0,347,0,0,0,0,0,0,0,0,0,0,283,0,0,1,7,1,0,0
Nitrogen-Rich Asteroid,6049,2370,66,25,53,8,41,1207,27,51,2,9,16,61,8,31,0,10,10,9,3,32,24,2,1,5,4,12,52,0,26,5,298,22,29,56,867,319,36,31,34,59,903,121,8,54,0,299,0,0,0,0,0,0,0,699,0,1,0,0,0,0,0,0,0,0,7,5,6,0,0
Nitrophilic Moss,6049,2478,81,16,27,3,42,833,12,18,3,7,12,50,11,30,0,8,10,10,5,32,21,7,0,5,3,18,49,62,0,2,244,22,28,44,268,352,301,168,34,31,569,472,19,0,25,276,0,0,0,0,0,0,0,365,0,0,0,0,0,0,0,0,0,0,12,10,10,0,0
Noctis City,6049,2387,73,17,42,12,42,1004,13,34,3,7,22,52,10,16,0,6,13,13,4,30,24,4,0,9,6,17,49,0,0,6,288,22,23,44,484,338,183,63,22,37,667,383,7,48,27,305,0,0,0,0,0,0,1,0,0,0,0,1520,0,0,0,0,0,1132,6,7,10,0,0
Noctis Farming,6049,2513,80,21,28,6,37,1001,10,34,2,6,15,67,5,36,0,11,9,7,9,44,9,4,2,7,3,13,54,60,0,4,184,15,35,37,225,353,387,203,28,48,612,463,10,0,35,275,0,0,0,0,0,0,0,634,0,1,0,0,0,0,0,0,0,0,19,19,7,0,0
Nuclear Power,6049,2395,66,12,4,11,43,241,5,6,2,10,11,51,6,26,0,5,12,7,5,30,16,3,2,10,4,13,49,0,0,5,121,17,40,39,47,156,343,435,40,43,390,629,11,59,28,278,0,0,0,0,0,0,2,4,0,0,0,0,0,0,0,0,0,0,1,9,1,0,0
Nuclear Zone,6049,2473,68,14,28,7,42,1080,15,20,4,7,13,62,4,24,0,11,11,12,6,34,20,1,2,1,5,16,63,0,0,5,266,20,22,36,505,397,194,119,36,34,699,341,13,43,29,268,0,0,0,0,0,0,0,0,0,0,1690,0,44,0,0,0,0,0,16,10,17,0,0
Olympus Conference,6049,2319,67,24,49,12,35,1036,16,30,3,7,14,50,12,0,0,13,6,15,7,27,20,3,1,8,3,11,50,0,0,4,289,21,28,51,691,312,86,33,25,33,777,293,12,52,25,291,0,0,0,0,0,4378,0,0,5,0,0,0,0,0,0,0,5256,0,8,10,13,0,9291
Open City,6049,2416,54,21,33,6,41,785,4,27,5,12,9,77,10,22,0,11,6,4,8,35,23,5,1,7,0,12,55,0,0,4,78,14,34,48,227,297,367,321,24,46,594,475,8,50,20,287,0,0,0,0,0,0,4,109,0,0,0,0,0,0,0,0,0,0,12,10,2,0,0
Optimal Aerobraking,6049,2542,79,17,35,5,34,1139,9,40,5,10,20,55,6,27,0,10,5,4,5,29,25,4,0,6,3,10,49,0,22,10,267,25,24,43,573,457,186,88,20,47,759,311,15,63,0,269,0,0,0,0,0,0,0,0,0,0,0,0,0,0,0,0,0,0,7,12,17,0,10248
Ore Processor,6049,2455,76,4,1,5,36,151,1,6,1,9,17,45,8,19,0,10,6,7,12,36,17,4,2,6,2,14,39,0,0,5,41,17,35,41,41,100,291,593,36,43,332,753,10,56,23,312,0,774,0,0,0,0,0,0,0,0,0,0,0,0,0,0,0,0,1,4,1,0,0
Permafrost extraction,6049,2492,75,13,12,12,44,697,8,22,3,4,14,63,7,24,0,8,7,6,10,33,18,2,0,5,3,14,49,0,0,6,56,17,37,38,150,232,384,493,32,44,534,507,16,59,19,276,1,0,0,0,0,0,0,0,0,0,0,0,0,0,0,0,0,0,9,12,7,0,0
Peroxide Power,6049,2509,83,3,9,10,43,432,5,10,1,5,18,56,5,30,0,10,8,10,5,24,23,5,1,8,0,22,52,0,0,6,204,17,27,38,88,231,363,398,21,37,451,593,7,44,17,283,0,0,0,0,0,0,3,5,0,0,0,0,0,0,0,0,0,0,3,12,13,0,0
Pets,6049,2289,72,17,15,8,40,463,4,10,4,7,13,68,17,24,0,8,7,6,7,26,15,3,1,3,5,13,67,0,0,6,90,20,31,45,148,238,315,233,26,27,463,605,10,60,22,267,0,0,0,4394,0,0,0,0,10,0,0,0,0,0,0,0,0,733,5,11,2,0,3946
Phobos Space Haven,6049,2139,76,14,20,4,36,435,10,26,4,5,17,60,7,23,0,12,5,7,7,30,28,1,0,5,4,24,58,0,27,5,89,10,27,48,234,210,243,134,27,49,476,570,4,51,0,275,0,0,0,0,0,0,0,139,0,0,0,736,0,0,0,0,0,760,6,7,3,0,0
Physics Complex,6049,2270,71,9,12,5,41,351,6,14,3,9,9,56,11,26,0,9,7,4,5,37,17,4,1,5,4,20,48,0,0,5,33,18,31,46,136,205,320,323,33,51,455,596,10,49,24,296,0,1013,0,0,0,0,0,0,55,0,0,0,0,0,0,0,0,400,3,12,0,0,0
Plantation,6049,2441,69,22,38,6,34,940,10,27,3,3,13,66,8,27,0,9,6,14,12,38,20,7,0,9,2,20,55,71,0,6,210,16,37,45,329,397,252,107,24,36,580,442,14,0,36,274,0,0,0,0,0,0,0,0,0,0,0,0,0,0,0,0,0,0,14,13,3,0,0
Power Grid,6049,2373,65,2,4,8,45,67,0,2,6,7,12,53,5,24,0,7,17,8,7,41,19,3,1,3,5,11,49,0,0,2,3,21,32,41,13,46,199,650,26,41,212,821,8,53,21,294,0,0,0,0,0,0,0,0,0,0,0,0,0,0,0,0,0,0,0,2,0,0,0
Power Infrastructure,6049,2468,76,5,6,5,47,138,3,8,1,8,13,63,9,24,0,10,8,9,9,33,22,1,0,4,6,16,41,0,0,7,10,12,31,45,20,58,285,640,31,46,305,781,18,48,33,278,0,593,332,0,0,0,0,0,0,0,0,0,0,0,0,0,0,0,2,5,0,0,0
Power Plant,6049,2466,78,15,10,7,52,516,1,14,1,4,7,43,7,27,0,10,4,9,7,38,32,6,1,7,5,19,49,0,0,1,251,14,35,40,92,247,360,280,26,43,452,581,6,52,25,281,0,0,0,0,0,0,1,6,0,0,0,0,0,0,0,0,0,0,1,7,5,0,0
Power Supply Consortium,6049,2381,80,9,16,11,46,453,4,17,4,8,16,56,9,21,0,14,3,14,6,30,23,1,1,3,1,19,56,0,0,5,107,24,28,43,81,205,359,335,36,47,440,605,7,55,23,275,0,0,0,0,0,0,0,406,0,0,0,0,0,0,0,0,0,0,4,7,2,0,0
Predators,6049,2477,69,29,25,7,37,708,11,16,3,10,13,61,9,20,0,4,14,9,10,22,21,1,1,6,4,15,53,0,0,3,100,12,46,50,312,337,365,269,34,36,677,418,9,64,33,271,0,1040,0,1601,0,0,0,0,48,0,0,0,0,0,39,0,0,430,7,11,3,0,0
Protected Habitats,6049,2358,75,19,44,10,46,883,11,34,2,8,16,59,8,21,0,11,3,9,7,24,18,4,2,6,5,18,52,0,0,13,277,14,32,58,559,268,119,71,25,43,678,391,8,51,25,282,0,0,0,0,0,0,0,0,0,0,0,0,0,0,0,0,0,0,11,8,8,0,0
Protected Valley,6049,2449,57,16,27,5,36,885,13,19,4,5,15,45,2,26,0,10,11,6,12,29,23,3,4,6,4,12,55,61,0,4,241,21,32,46,402,383,258,113,34,31,660,406,13,0,34,269,0,0,0,0,0,0,1,390,0,0,0,0,0,0,0,0,0,0,9,9,11,0,0
Psychrophiles,6049,2740,64,11,21,8,44,589,10,16,2,4,14,59,5,15,0,8,11,10,9,28,22,2,2,7,2,12,43,0,0,5,286,19,33,52,136,211,212,516,31,49,348,743,11,39,26,288,0,8586,0,0,925,0,0,0,5,1,0,0,0,0,0,4051,0,0,9,9,19,0,0
Quantum Extractor,6049,2325,63,23,30,4,34,826,12,30,4,6,14,52,4,24,0,9,9,10,12,41,17,3,2,9,5,15,42,0,0,4,244,19,32,39,471,336,149,75,24,36,620,426,11,58,22,273,0,0,0,0,0,0,0,414,0,1,0,0,0,0,0,0,0,0,8,10,15,0,0
Rad-Chem Factory,6049,2354,79,19,26,12,37,677,11,29,4,6,15,43,11,26,0,12,8,11,5,33,23,4,3,7,3,19,40,0,0,3,102,12,34,44,162,280,356,270,36,49,518,505,13,62,25,288,0,0,0,0,0,0,0,0,0,1,0,0,0,0,0,0,0,0,10,14,5,0,0
Rad-Suits,6049,2245,70,12,11,7,42,193,3,9,5,9,12,55,8,31,0,6,8,15,5,25,21,6,0,10,2,16,37,0,0,11,15,17,29,49,34,103,265,471,20,52,299,717,9,47,17,310,0,0,0,0,0,0,0,61,0,0,0,0,0,0,0,0,0,0,3,7,0,0,0
Regolith Eaters,6049,2373,69,3,4,4,35,127,4,1,0,6,11,70,9,27,0,10,7,5,6,34,21,5,1,9,4,17,60,0,0,7,34,22,31,48,26,95,288,527,37,41,314,717,13,53,24,266,0,1030,0,0,215,0,0,0,2,1,0,0,0,0,0,464,0,0,1,10,5,0,0
Release of Inert Gases,6049,2296,54,10,10,8,36,256,1,7,1,8,17,49,8,25,0,9,7,6,5,36,16,4,1,5,2,19,57,0,0,4,34,11,46,47,50,155,351,376,24,36,401,695,15,52,29,261,0,0,0,0,0,0,0,135,0,1,0,0,0,0,0,0,0,0,1,9,2,0,0
Research,6049,2326,68,31,48,6,40,1014,20,41,4,6,15,51,9,22,0,13,10,3,10,44,29,5,1,5,3,0,45,0,0,4,281,27,37,51,680,277,94,27,24,47,774,300,12,50,26,289,0,0,0,0,0,0,0,0,0,1,0,0,0,0,0,0,0,0,14,14,10,0,0
Research Coordination,6049,2496,73,19,21,8,40,667,5,17,8,7,6,56,5,24,0,13,8,9,10,33,28,6,1,6,1,15,58,0,0,7,234,12,31,42,180,282,348,254,25,34,527,542,9,56,25,282,0,0,0,0,0,0,0,0,0,0,0,0,0,0,0,0,0,0,13,11,6,0,0
Research Outpost,6049,2143,72,34,31,5,53,1065,29,32,3,5,10,47,5,29,0,10,7,6,3,24,24,1,0,7,4,17,57,0,0,4,272,19,38,35,900,144,30,24,30,36,930,127,8,56,31,272,0,0,0,0,0,0,0,0,0,0,0,0,0,0,0,0,0,0,8,11,8,0,0
Restricted Area,6049,2308,64,44,33,9,54,1111,26,34,3,9,15,58,9,20,0,14,10,12,4,30,25,1,2,8,4,22,0,0,0,5,255,15,45,39,758,319,69,36,35,43,827,223,6,57,30,255,0,10394,0,0,0,0,0,0,0,0,1817,0,326,0,0,0,0,0,20,7,7,0,0
Robotic Workforce,6049,2387,78,25,22,7,38,811,6,33,3,10,12,52,6,32,0,8,13,10,6,31,16,7,4,4,3,12,50,0,0,5,282,16,36,40,363,357,209,104,13,51,572,431,7,53,19,303,0,0,0,0,0,0,0,0,0,0,0,0,0,0,0,0,0,0,9,12,14,0,0
Rover Construction,6049,2283,76,14,23,7,43,565,10,24,2,6,15,57,5,33,0,5,8,10,3,27,28,2,0,3,4,17,44,0,0,7,119,20,32,43,159,265,307,178,33,35,466,597,15,48,30,270,0,0,0,0,0,0,0,0,0,0,0,0,0,0,0,0,0,0,4,10,1,0,7853
Sabotage,6049,2445,64,26,35,3,34,1010,20,34,4,8,15,78,8,17,0,13,6,5,5,23,25,4,2,3,4,10,41,0,0,4,293,13,35,36,349,374,257,98,34,39,606,438,10,65,28,301,0,0,0,0,0,0,0,931,0,0,0,0,0,0,0,0,0,0,10,10,6,0,0
Satellites,6049,2296,72,15,22,7,47,424,7,23,8,8,12,66,7,25,0,11,6,6,2,34,15,2,1,5,3,13,44,0,27,3,93,27,33,47,147,233,285,264,36,51,432,585,10,62,0,250,0,0,0,0,0,0,0,0,0,1,0,0,0,0,0,0,0,0,2,10,5,0,0
Search For Life,6049,2559,82,13,13,6,40,561,4,11,1,8,12,49,5,30,0,13,5,11,6,37,24,3,1,8,4,21,39,0,0,7,210,25,31,36,120,224,316,427,35,35,436,602,0,62,25,287,0,2240,0,0,0,6,0,0,1,0,0,0,0,0,0,0,0,602,9,6,10,0,0
Security Fleet,6049,2441,82,5,3,9,30,54,0,2,1,15,10,55,11,29,0,15,10,10,8,35,23,3,2,6,4,17,53,0,25,6,1,14,42,45,9,69,183,637,21,49,192,843,11,60,0,272,0,261,0,0,0,0,0,0,5,0,0,0,0,0,0,0,0,242,0,6,0,0,0
SF Memorial,6049,2283,77,19,25,12,43,638,8,23,0,8,19,54,6,37,0,7,2,3,7,23,23,5,1,8,2,19,54,0,0,0,124,13,27,49,125,262,368,201,26,40,493,532,11,58,37,307,0,0,0,0,0,0,0,0,0,1,0,0,0,0,0,0,0,0,7,9,8,0,0
Shuttles,6049,2383,84,20,35,6,55,738,14,34,3,6,15,43,3,24,0,14,10,10,9,29,15,3,2,3,6,12,37,0,29,5,109,18,38,42,186,323,372,222,31,42,558,510,10,57,0,321,0,0,0,0,0,0,0,109,0,0,0,0,0,0,0,0,0,0,6,7,5,0,0
Small Animals,6049,2519,66,17,36,6,37,1056,10,35,3,9,5,52,7,26,0,12,10,5,14,20,22,3,0,7,4,19,51,0,0,5,219,17,28,48,277,410,390,208,25,44,667,382,8,50,29,292,0,4879,0,579,0,0,0,558,16,0,0,0,0,0,193,0,0,893,12,7,7,0,0
Soil Factory,6049,2338,68,7,4,8,48,138,1,7,3,12,9,65,7,26,0,15,13,6,8,26,25,3,1,3,0,11,66,0,0,3,4,18,40,42,22,78,257,553,25,39,279,738,14,62,23,305,0,0,0,0,0,0,0,25,0,0,0,0,0,0,0,0,0,0,3,6,1,0,0
Solar Power,6049,2318,65,8,13,9,35,216,3,11,2,10,9,56,6,34,0,16,10,10,10,40,20,2,1,8,4,19,55,0,0,8,59,10,40,52,31,115,340,354,30,55,371,704,12,58,29,280,0,0,0,0,0,0,1,43,0,0,0,0,0,0,0,0,0,0,1,6,2,0,0
Solar Wind Power,6049,2456,65,25,35,9,46,957,17,35,1,6,14,43,5,31,0,14,12,12,7,36,20,1,3,8,5,17,58,0,19,6,272,11,33,44,374,383,260,74,33,46,634,426,9,53,0,278,0,0,0,0,0,0,0,419,0,0,0,0,0,0,0,0,0,0,6,16,10,0,0
Soletta,6049,2501,66,1,2,8,36,103,5,4,4,11,11,55,7,22,0,7,11,11,14,19,24,1,3,1,0,15,45,0,34,3,177,23,30,32,44,89,201,519,35,46,245,821,11,65,0,310,0,0,0,0,0,0,0,25,0,1,0,0,0,0,0,0,0,0,1,6,8,0,0
Space Elevator,6049,2304,61,21,23,3,40,632,17,24,1,2,20,63,4,21,0,14,11,12,12,37,18,2,2,5,0,21,32,0,23,6,240,16,35,45,458,278,158,82,36,41,616,448,8,52,0,260,0,7227,0,0,0,0,18,163,0,0,0,0,0,0,0,0,0,0,4,13,10,0,0
Space Hotels,6049,2271,74,21,23,4,35,561,12,24,1,8,11,60,5,19,0,12,10,5,5,37,18,4,1,7,4,14,37,0,24,2,208,18,36,38,266,267,225,147,38,43,491,521,12,55,0,243,0,0,0,0,0,0,0,106,0,0,0,0,0,0,0,0,0,0,7,17,12,0,0
Space Mirrors,6049,2485,74,5,5,11,34,50,1,0,6,9,14,46,5,18,0,8,5,3,7,26,20,3,2,6,10,21,40,0,38,4,12,17,46,53,6,23,201,713,23,48,207,878,13,43,0,291,0,136,1,0,0,0,0,0,0,0,0,0,0,0,0,0,0,0,1,5,0,0,0
Space Station,6049,2310,68,20,31,11,35,699,16,33,4,8,20,42,5,23,0,6,2,7,13,33,20,4,2,4,3,9,49,0,24,4,191,17,29,45,210,316,296,147,28,40,506,523,11,60,0,304,0,0,0,0,0,0,0,0,0,0,0,0,0,0,0,0,0,0,3,10,8,0,0
Special Design,6049,2447,66,14,8,3,36,437,5,9,3,4,13,41,10,25,0,6,7,11,5,30,18,2,2,7,2,12,59,0,0,0,31,17,34,33,63,173,423,537,17,39,486,618,13,61,28,308,0,0,0,0,0,0,0,0,0,0,0,0,0,0,0,0,0,0,5,8,2,0,0
Sponsors,6049,2436,71,17,13,6,43,446,9,10,1,6,12,51,10,29,0,7,6,6,10,26,23,2,1,4,3,17,39,0,0,5,289,19,45,36,128,169,290,254,34,33,418,680,10,52,19,293,0,0,0,0,0,0,0,96,0,1,0,0,0,0,0,0,0,0,2,3,15,0,0
Standard Technology,6049,2501,78,23,21,9,40,899,11,17,4,8,16,57,10,26,0,9,7,9,8,37,16,2,1,8,1,10,49,0,0,7,265,21,42,28,378,366,260,124,31,36,638,436,9,60,33,293,0,0,0,0,0,0,0,0,0,0,0,0,0,0,0,0,0,0,11,15,10,0,7701
Steelworks,6049,2428,69,4,3,3,33,155,3,2,3,9,13,53,7,25,0,12,9,8,8,32,22,3,1,4,3,17,48,0,0,6,66,11,33,49,56,108,287,586,35,37,343,693,12,51,17,309,0,1089,0,0,0,0,0,0,0,0,0,0,0,0,0,0,0,0,1,9,6,0,0
Strip Mine,6049,2324,66,17,14,9,41,531,2,19,1,11,16,50,7,18,0,5,10,6,8,30,23,2,1,6,0,13,69,0,0,7,235,21,35,49,386,235,173,149,21,37,559,502,11,47,24,272,0,0,0,0,0,0,16,82,0,0,0,0,0,0,0,0,0,0,4,10,9,0,0
Subterranean Reservoir,6049,2477,83,15,16,6,35,661,6,17,7,5,18,57,9,32,0,6,5,10,9,41,21,1,2,11,3,16,34,0,0,4,227,25,31,37,140,275,356,286,25,38,496,520,14,55,34,292,0,0,0,0,0,0,0,0,0,1,0,0,0,0,0,0,0,0,6,13,4,0,0
Symbiotic Fungus,6049,2398,63,9,13,6,46,249,1,15,2,8,15,50,7,21,0,5,9,13,2,26,17,4,0,4,2,21,42,0,0,3,12,18,28,46,34,128,353,584,32,43,387,672,12,49,20,269,0,1211,0,0,0,0,0,0,0,0,0,0,0,0,0,0,0,0,4,11,0,0,0
Tardigrades,6049,2530,78,5,10,4,43,180,5,3,3,9,13,51,10,26,0,10,10,12,7,34,9,2,2,7,2,16,43,0,0,7,63,11,28,46,7,58,282,697,25,39,289,800,12,45,19,302,0,2358,0,0,275,0,0,0,2,0,0,0,0,0,0,190,0,295,0,10,1,0,0
Technology Demonstration,6049,2405,71,37,46,6,48,1074,11,38,3,6,21,57,7,25,0,5,4,13,6,31,18,0,0,6,4,11,58,0,10,5,274,0,42,48,459,374,210,78,17,39,669,380,8,61,0,285,0,0,0,0,0,0,0,0,0,0,0,0,0,0,0,0,0,0,13,17,10,0,0
Tectonic Stress Power,6049,2282,81,11,4,7,38,296,1,5,2,7,15,57,5,26,0,15,11,8,8,23,21,4,0,7,4,9,43,0,0,5,73,16,30,42,62,199,372,319,26,36,434,609,12,62,29,279,0,0,0,0,0,0,13,44,0,0,0,0,0,0,0,0,0,0,2,7,7,0,0
Terraforming Ganymede,6049,2146,63,17,19,6,37,527,7,19,4,7,15,48,7,18,0,6,13,10,10,27,21,5,0,10,4,11,57,0,32,6,175,20,34,41,583,222,132,62,21,40,715,321,13,64,0,250,0,0,0,0,0,0,0,122,0,0,0,0,0,0,0,0,0,0,3,7,9,0,0
Titanium Mine,6049,2437,75,10,16,6,35,491,12,30,4,8,6,56,7,23,0,14,10,8,11,42,27,1,0,8,4,14,49,0,0,7,297,12,28,42,201,195,225,215,30,53,426,644,7,47,26,301,1,0,0,0,0,0,15,29,0,0,0,0,0,0,0,0,0,0,7,13,12,0,0
Toll Station,6049,2210,67,5,8,8,40,185,7,12,1,8,9,52,10,30,0,10,14,12,8,44,20,4,1,7,6,15,43,0,21,2,12,14,26,49,63,135,222,389,34,35,285,735,11,53,0,281,0,0,0,0,0,0,0,0,0,0,0,0,0,0,0,0,0,0,4,7,1,0,0
Towing a Comet,6049,2491,75,29,28,9,38,990,13,31,4,10,12,51,3,27,0,15,15,9,2,39,16,4,2,8,0,20,45,0,19,7,267,19,40,46,488,395,191,92,39,52,679,368,9,55,0,285,0,0,0,0,0,0,0,477,0,0,0,0,0,0,0,0,0,0,8,19,5,0,0
Trans-Neptune Probe,6049,2428,61,23,45,11,39,945,11,32,4,1,13,50,13,18,1,10,12,5,8,38,18,2,1,7,5,17,59,0,26,3,223,20,31,52,299,375,305,132,29,38,604,458,9,35,0,270,0,0,0,0,0,0,0,0,0,0,0,0,0,0,0,0,0,0,9,14,11,0,0
Trees,6049,2488,59,23,36,7,47,1109,15,39,5,5,12,54,7,22,0,9,10,4,15,27,28,0,4,7,3,19,41,62,0,5,210,17,32,45,370,369,312,190,26,41,682,384,10,0,30,259,0,0,0,0,0,0,0,621,0,1,0,0,0,0,0,0,0,0,12,13,5,0,0
Tropical Resort,6049,2311,60,9,9,9,45,225,1,9,6,11,10,49,13,29,0,11,5,19,7,29,23,6,0,3,3,16,47,0,0,3,6,19,36,46,50,116,290,472,20,36,340,734,6,49,29,275,0,0,0,0,0,0,0,30,0,0,0,0,0,0,0,0,0,0,2,2,0,0,0
Tundra Farming,6049,2267,50,16,16,10,38,444,5,10,3,4,15,60,7,20,0,10,9,8,10,30,25,5,2,6,4,17,53,66,0,4,46,15,40,42,112,181,311,319,30,40,423,633,9,0,33,292,0,0,0,0,0,0,0,280,0,0,0,0,0,0,0,0,0,0,4,6,1,0,0
Underground City,6049,2208,77,10,19,7,31,424,14,17,6,10,12,63,10,33,0,11,15,13,6,32,23,0,0,8,2,14,44,0,0,6,95,18,25,38,173,214,284,189,29,36,457,594,14,53,24,297,0,0,0,0,0,0,1,1,0,0,0,0,0,0,0,0,0,0,7,12,1,0,0
Underground Detonations,6049,2579,66,1,1,6,58,32,0,1,1,6,14,42,8,21,0,14,10,7,8,32,26,4,1,6,5,12,38,0,0,3,1,18,37,48,0,7,66,862,30,33,66,996,12,59,23,290,0,9,0,0,0,0,0,0,0,0,0,0,0,0,0,0,0,0,2,2,0,0,0
Urbanized Area,6049,2174,55,19,24,5,48,449,6,22,6,8,11,41,4,20,0,12,12,3,4,32,23,1,1,8,5,15,53,0,0,8,32,12,34,35,173,188,270,245,26,42,443,645,2,68,27,286,0,0,0,0,0,0,0,0,0,0,0,0,0,0,0,0,0,0,4,6,3,0,0
Vesta Shipyard,6049,2293,72,23,13,6,37,490,10,30,3,6,15,60,6,19,0,12,6,8,9,33,20,1,0,7,5,15,47,0,27,4,231,17,37,28,306,252,181,102,33,56,487,579,9,44,0,298,0,0,0,0,0,0,0,164,0,2,0,0,0,0,0,0,0,0,10,17,10,0,0
Viral Enhancers,6049,2393,69,40,40,4,48,1242,23,41,9,12,12,56,7,30,0,11,7,6,7,24,21,4,0,7,5,7,59,0,0,4,269,13,43,47,790,371,81,29,25,43,871,192,9,47,25,272,0,0,0,0,0,0,0,0,0,0,0,0,0,0,0,0,0,0,11,5,9,0,19264
Virus,6049,2465,76,30,34,9,45,1076,16,28,1,11,12,58,5,23,1,12,13,3,2,29,13,4,1,3,4,9,47,0,0,7,267,16,38,42,494,420,237,108,25,35,731,294,14,57,28,276,0,0,0,0,0,0,0,581,0,0,0,0,0,0,0,0,0,0,19,15,13,0,0
Water Import From Europa,6049,2242,65,19,19,10,35,470,9,21,3,9,14,66,12,25,0,15,9,7,6,29,18,4,2,4,1,15,57,0,34,8,123,22,44,38,462,256,166,119,33,53,628,412,7,59,0,256,0,551,9,0,0,0,0,0,0,1,0,0,0,0,0,0,0,607,4,9,5,0,0
Water Splitting Plant,6049,2476,59,2,0,6,38,97,0,1,5,9,14,45,8,25,0,18,11,6,6,35,18,2,1,4,4,14,58,0,0,5,19,6,30,49,27,73,251,669,28,41,278,803,13,49,29,300,0,355,0,0,0,0,0,0,0,0,0,0,0,0,0,0,0,0,3,5,1,0,0
Wave Power,6049,2268,61,11,9,6,48,269,4,7,3,9,10,50,7,23,0,6,6,6,7,32,17,2,1,4,7,14,52,0,0,2,29,13,37,41,52,157,372,393,22,36,424,648,9,61,25,255,0,0,0,0,0,0,0,49,0,0,0,0,0,0,0,0,0,0,2,8,3,0,0
Windmills,6049,2396,77,8,17,7,41,503,4,13,2,14,8,51,5,19,0,12,12,11,3,39,13,2,2,5,6,20,46,0,0,6,10,19,30,46,66,206,395,466,26,30,461,627,11,45,18,255,0,0,0,0,0,0,0,73,0,0,0,0,0,0,0,0,0,0,3,8,1,0,0
Worms,6049,2432,70,10,8,7,31,212,9,9,1,6,19,68,3,24,0,10,11,11,4,30,22,3,0,4,3,13,54,0,0,5,13,24,48,47,33,129,304,585,28,35,337,705,7,51,25,255,0,0,0,0,0,0,0,154,0,0,0,0,0,0,0,0,0,0,4,6,0,0,0
Zeppelins,6049,2274,63,8,14,4,37,157,4,11,4,6,11,54,11,24,0,11,11,10,9,31,15,7,0,2,1,14,51,0,0,4,6,13,35,51,48,104,270,451,35,49,318,725,11,64,34,271,0,0,0,0,0,0,0,32,0,1,0,0,0,0,0,0,0,0,0,6,1,0,0
